Date,^ECO
1/2/2018 16:00,53.91
1/3/2018 16:00,53.88
1/4/2018 16:00,53.8
1/5/2018 16:00,53.79
1/8/2018 16:00,53.87
1/9/2018 16:00,53.47
1/10/2018 16:00,53.46
1/11/2018 16:00,54.87
1/12/2018 16:00,54.75
1/16/2018 16:00,53.61
1/17/2018 16:00,54.04
1/18/2018 16:00,53.67
1/19/2018 16:00,53.81
1/22/2018 16:00,53.64
1/23/2018 16:00,53.36
1/24/2018 16:00,52.99
1/25/2018 16:00,52.95
1/26/2018 16:00,52.96
1/29/2018 16:00,53.15
1/30/2018 16:00,52.45
1/31/2018 16:00,52.08
2/1/2018 16:00,51.74
2/2/2018 16:00,50.66
2/5/2018 16:00,48.77
2/6/2018 16:00,49.24
2/7/2018 16:00,49.1
2/8/2018 16:00,47.7
2/9/2018 16:00,48.08
2/12/2018 16:00,49.01
2/13/2018 16:00,49.73
2/14/2018 16:00,50.83
2/15/2018 16:00,51.72
2/16/2018 16:00,51.98
2/20/2018 16:00,52.11
2/21/2018 16:00,52.4
2/22/2018 16:00,52.19
2/23/2018 16:00,52.22
2/26/2018 16:00,52.58
2/27/2018 16:00,51.69
2/28/2018 16:00,50.91
3/1/2018 16:00,50.19
3/2/2018 16:00,50.71
3/5/2018 16:00,50.95
3/6/2018 16:00,51.84
3/7/2018 16:00,51.81
3/8/2018 16:00,52.07
3/9/2018 16:00,52.89
3/12/2018 16:00,53.41
3/13/2018 16:00,53.21
3/14/2018 16:00,52.99
3/15/2018 16:00,52.8
3/16/2018 16:00,53.2
3/19/2018 16:00,52.91
3/20/2018 16:00,53.43
3/21/2018 16:00,53.94
3/22/2018 16:00,52.76
3/23/2018 16:00,51.92
3/26/2018 16:00,53.11
3/27/2018 16:00,51.92
3/28/2018 16:00,50.99
3/29/2018 16:00,52
4/2/2018 16:00,50.9
4/3/2018 16:00,51.34
4/4/2018 16:00,52.29
4/5/2018 16:00,53.13
4/6/2018 16:00,52.04
4/9/2018 16:00,52.04
4/10/2018 16:00,52.85
4/11/2018 16:00,52.59
4/12/2018 16:00,52.6
4/13/2018 16:00,52.42
4/16/2018 16:00,52.36
4/17/2018 16:00,53.15
4/18/2018 16:00,53.94
4/19/2018 16:00,53.56
4/20/2018 16:00,53.36
4/23/2018 16:00,52.75
4/24/2018 16:00,52.14
4/25/2018 16:00,51.67
4/26/2018 16:00,52.23
4/27/2018 16:00,52.2
4/30/2018 16:00,51.36
5/1/2018 16:00,51.37
5/2/2018 16:00,51.72
5/3/2018 16:00,51.65
5/4/2018 16:00,52.45
5/7/2018 16:00,53.15
5/8/2018 16:00,53.13
5/9/2018 16:00,53.8
5/10/2018 16:00,54.97
5/11/2018 16:00,54.63
5/14/2018 16:00,55.25
5/15/2018 16:00,55.33
5/16/2018 16:00,55.98
5/17/2018 16:00,55.84
5/18/2018 16:00,55.54
5/21/2018 16:00,56.25
5/22/2018 16:00,55.75
5/23/2018 16:00,55.08
5/24/2018 16:00,54.77
5/25/2018 16:00,54.65
5/29/2018 16:00,54.97
5/30/2018 16:00,55.21
5/31/2018 16:00,54.56
6/1/2018 16:00,54.11
6/4/2018 16:00,53.34
6/5/2018 16:00,53.24
6/6/2018 16:00,53.08
6/7/2018 16:00,52.73
6/8/2018 16:00,52.4
6/11/2018 16:00,52.43
6/12/2018 16:00,52.9
6/13/2018 16:00,53.29
6/14/2018 16:00,53.35
6/15/2018 16:00,52.36
6/18/2018 16:00,52.88
6/19/2018 16:00,52.52
6/20/2018 16:00,52.96
6/21/2018 16:00,52.48
6/22/2018 16:00,52.89
6/25/2018 16:00,52.04
6/26/2018 16:00,52.53
6/27/2018 16:00,51.74
6/28/2018 16:00,52.07
6/29/2018 16:00,51.96
7/2/2018 16:00,52.42
7/3/2018 13:00,52.08
7/5/2018 16:00,52.86
7/6/2018 16:00,53.4
7/9/2018 16:00,53.84
7/10/2018 16:00,53.95
7/11/2018 16:00,53.14
7/12/2018 16:00,53.41
7/13/2018 16:00,52.99
7/16/2018 16:00,52.65
7/17/2018 16:00,52.58
7/18/2018 16:00,52.86
7/19/2018 16:00,53.05
7/20/2018 16:00,52.37
7/23/2018 16:00,52.18
7/24/2018 16:00,52.12
7/25/2018 16:00,52.86
7/26/2018 16:00,53.09
7/27/2018 16:00,52.37
7/30/2018 16:00,51.69
7/31/2018 16:00,52.8
8/1/2018 16:00,52.94
8/2/2018 16:00,53.32
8/3/2018 16:00,52.99
8/6/2018 16:00,53.5
8/7/2018 16:00,54.11
8/8/2018 16:00,54.26
8/9/2018 16:00,54.01
8/10/2018 16:00,53.58
8/13/2018 16:00,52.79
8/14/2018 16:00,52.84
8/15/2018 16:00,51.98
8/16/2018 16:00,52.38
8/17/2018 16:00,52.19
8/20/2018 16:00,52.87
8/21/2018 16:00,53.27
8/22/2018 16:00,53.07
8/23/2018 16:00,52.84
8/24/2018 16:00,53.55
8/27/2018 16:00,53.82
8/28/2018 16:00,53.43
8/29/2018 16:00,54.18
8/30/2018 16:00,53.5
8/31/2018 16:00,53.84
9/4/2018 16:00,53.71
9/5/2018 16:00,53.36
9/6/2018 16:00,52.57
9/7/2018 16:00,52.2
9/10/2018 16:00,52.25
9/11/2018 16:00,52.32
9/12/2018 16:00,52.64
9/13/2018 16:00,52.49
9/14/2018 16:00,52.75
9/17/2018 16:00,52.4
9/18/2018 16:00,52.97
9/19/2018 16:00,53.37
9/20/2018 16:00,54.29
9/21/2018 16:00,53.9
9/24/2018 16:00,53.39
9/25/2018 16:00,52.79
9/26/2018 16:00,52.05
9/27/2018 16:00,51.87
9/28/2018 16:00,51.73
10/1/2018 16:00,51.87
10/2/2018 16:00,52.17
10/3/2018 16:00,52.27
10/4/2018 16:00,50.83
10/5/2018 16:00,49.87
10/8/2018 16:00,49.89
10/9/2018 16:00,49.46
10/10/2018 16:00,47.76
10/11/2018 16:00,47.31
10/12/2018 16:00,47.96
10/15/2018 16:00,48.79
10/16/2018 16:00,50.3
10/17/2018 16:00,49.77
10/18/2018 16:00,49.01
10/19/2018 16:00,48.45
10/22/2018 16:00,47.98
10/23/2018 16:00,47.41
10/24/2018 16:00,45.81
10/25/2018 16:00,46.7
10/26/2018 16:00,46.19
10/29/2018 16:00,46.13
10/30/2018 16:00,47.59
10/31/2018 16:00,48.44
11/1/2018 16:00,49.58
11/2/2018 16:00,49.5
11/5/2018 16:00,50.1
11/6/2018 16:00,49.59
11/7/2018 16:00,50.58
11/8/2018 16:00,49.99
11/9/2018 16:00,49.32
11/12/2018 16:00,48.12
11/13/2018 16:00,47.8
11/14/2018 16:00,47.71
11/15/2018 16:00,48.73
11/16/2018 16:00,49.14
11/19/2018 16:00,48.44
11/20/2018 16:00,47.25
11/21/2018 16:00,48.05
11/23/2018 13:00,47.98
11/26/2018 16:00,49.11
11/27/2018 16:00,49.7
11/28/2018 16:00,51.13
11/29/2018 16:00,50.82
11/30/2018 16:00,50.72
12/3/2018 16:00,51.74
12/4/2018 16:00,49.98
12/6/2018 16:00,50.04
12/7/2018 16:00,48.92
12/10/2018 16:00,48.99
12/11/2018 16:00,48.77
12/12/2018 16:00,49.39
12/13/2018 16:00,49.11
12/14/2018 16:00,47.88
12/17/2018 16:00,46.58
12/18/2018 16:00,46.27
12/19/2018 16:00,45.5
12/20/2018 16:00,44.11
12/21/2018 16:00,43.14
12/24/2018 13:00,41.98
12/26/2018 16:00,44.58
12/27/2018 16:00,44.7
12/28/2018 16:00,44.79
12/31/2018 16:00,44.76
1/2/2019 16:00,45.34
1/3/2019 16:00,44.15
1/4/2019 16:00,46.49
1/7/2019 16:00,47.48
1/8/2019 16:00,47.95
1/9/2019 16:00,48.37
1/10/2019 16:00,48.97
1/11/2019 16:00,49.14
1/14/2019 16:00,48.74
1/15/2019 16:00,49.04
1/16/2019 16:00,49.46
1/17/2019 16:00,50.07
1/18/2019 16:00,50.09
1/22/2019 16:00,49.01
1/23/2019 16:00,49.06
1/24/2019 16:00,50.32
1/25/2019 16:00,51.4
1/28/2019 16:00,51.65
1/29/2019 16:00,51.53
1/30/2019 16:00,52.31
1/31/2019 16:00,53.34
2/1/2019 16:00,52.61
2/4/2019 16:00,53.28
2/5/2019 16:00,53.42
2/6/2019 16:00,53.91
2/7/2019 16:00,53.14
2/8/2019 16:00,52.88
2/11/2019 16:00,53.53
2/12/2019 16:00,54.03
2/13/2019 16:00,54.53
2/14/2019 16:00,55.25
2/15/2019 16:00,54.93
2/19/2019 16:00,55.95
2/20/2019 16:00,56.36
2/21/2019 16:00,56.63
2/22/2019 16:00,58.81
2/25/2019 16:00,58.74
2/26/2019 16:00,58.66
2/27/2019 16:00,58.76
2/28/2019 16:00,58.57
3/1/2019 16:00,59.06
3/4/2019 16:00,58.39
3/5/2019 16:00,58.21
3/6/2019 16:00,56.12
3/7/2019 16:00,55.63
3/8/2019 16:00,55.09
3/11/2019 16:00,56.83
3/12/2019 16:00,56.97
3/13/2019 16:00,57.38
3/14/2019 16:00,57.34
3/15/2019 16:00,57.04
3/18/2019 16:00,57.74
3/19/2019 16:00,58.09
3/20/2019 16:00,58.22
3/21/2019 16:00,57.39
3/22/2019 16:00,55.31
3/25/2019 16:00,54.89
3/26/2019 16:00,54.71
3/27/2019 16:00,54.63
3/28/2019 16:00,55.26
3/29/2019 16:00,55.57
4/1/2019 16:00,56.42
4/2/2019 16:00,56.67
4/3/2019 16:00,57.43
4/4/2019 16:00,57.74
4/5/2019 16:00,58.52
4/8/2019 16:00,58.8
4/9/2019 16:00,57.93
4/10/2019 16:00,58.46
4/11/2019 16:00,58.08
4/12/2019 16:00,58.43
4/15/2019 16:00,58.05
4/16/2019 16:00,58.67
4/17/2019 16:00,59.09
4/18/2019 16:00,59.11
4/22/2019 16:00,58.95
4/23/2019 16:00,59.43
4/24/2019 16:00,59.54
4/25/2019 16:00,58.82
4/26/2019 16:00,59.27
4/29/2019 16:00,59.29
4/30/2019 16:00,58.73
5/1/2019 16:00,58.9
5/2/2019 16:00,58.76
5/3/2019 16:00,59.98
5/6/2019 16:00,59.12
5/7/2019 16:00,59.75
5/8/2019 16:00,58.7
5/9/2019 16:00,58.02
5/10/2019 16:00,58.44
5/13/2019 16:00,56.37
5/14/2019 16:00,57.12
5/15/2019 16:00,57.9
5/16/2019 16:00,58.64
5/17/2019 16:00,57.41
5/20/2019 16:00,56.54
5/21/2019 16:00,57.96
5/22/2019 16:00,57.85
5/23/2019 16:00,56.28
5/24/2019 16:00,56.65
5/28/2019 16:00,57.2
5/29/2019 16:00,56.56
5/30/2019 16:00,56.84
5/31/2019 16:00,55.66
6/3/2019 16:00,56.58
6/4/2019 16:00,58.05
6/5/2019 16:00,57.89
6/6/2019 16:00,57.64
6/7/2019 16:00,58.43
6/10/2019 16:00,59.32
6/11/2019 16:00,59.41
6/12/2019 16:00,58.59
6/13/2019 16:00,59.74
6/14/2019 16:00,58.92
6/17/2019 16:00,58.62
6/18/2019 16:00,60.5
6/19/2019 16:00,61
6/20/2019 16:00,61.41
6/21/2019 16:00,60.81
6/24/2019 16:00,60.54
6/25/2019 16:00,59.39
6/26/2019 16:00,60.02
6/27/2019 16:00,61.46
6/28/2019 16:00,61.77
7/1/2019 16:00,62.51
7/2/2019 16:00,62.54
7/3/2019 13:00,62.75
7/5/2019 16:00,63.26
7/8/2019 16:00,62.78
7/9/2019 16:00,62.73
7/10/2019 16:00,62.71
7/11/2019 16:00,61.92
7/12/2019 16:00,62.79
7/15/2019 16:00,62.66
7/16/2019 16:00,62.45
7/17/2019 16:00,62.42
7/18/2019 16:00,62.53
7/19/2019 16:00,62.59
7/22/2019 16:00,62.51
7/23/2019 16:00,62.76
7/24/2019 16:00,63.46
7/25/2019 16:00,62.16
7/26/2019 16:00,62.73
7/29/2019 16:00,62.64
7/30/2019 16:00,63.06
7/31/2019 16:00,63.09
8/1/2019 16:00,63
8/2/2019 16:00,62.43
8/5/2019 16:00,59.7
8/6/2019 16:00,60.73
8/7/2019 16:00,62.16
8/8/2019 16:00,63.58
8/9/2019 16:00,62.48
8/12/2019 16:00,61.48
8/13/2019 16:00,61.82
8/14/2019 16:00,59.45
8/15/2019 16:00,59.46
8/16/2019 16:00,60.98
8/19/2019 16:00,61.89
8/20/2019 16:00,61.73
8/21/2019 16:00,62.05
8/22/2019 16:00,61.12
8/23/2019 16:00,59.52
8/26/2019 16:00,60.3
8/27/2019 16:00,59.66
8/28/2019 16:00,60.08
8/29/2019 16:00,60.52
8/30/2019 16:00,60.64
9/3/2019 16:00,59.3
9/4/2019 16:00,60.39
9/5/2019 16:00,61.02
9/6/2019 16:00,61.01
9/9/2019 16:00,61.09
9/10/2019 16:00,61.54
9/11/2019 16:00,63.01
9/12/2019 16:00,62.59
9/13/2019 16:00,63.26
9/16/2019 16:00,63.86
9/17/2019 16:00,64.47
9/18/2019 16:00,64.3
9/19/2019 16:00,64.9
9/20/2019 16:00,64.63
9/23/2019 16:00,65
9/24/2019 16:00,62.83
9/25/2019 16:00,63.29
9/26/2019 16:00,61.9
9/27/2019 16:00,60.57
9/30/2019 16:00,60.47
10/1/2019 16:00,59.07
10/2/2019 16:00,58.43
10/3/2019 16:00,58.72
10/4/2019 16:00,59.57
10/7/2019 16:00,59.4
10/8/2019 16:00,58.92
10/9/2019 16:00,59.08
10/10/2019 16:00,59.84
10/11/2019 16:00,60.43
10/14/2019 16:00,59.92
10/15/2019 16:00,60.14
10/16/2019 16:00,59.61
10/17/2019 16:00,60.33
10/18/2019 16:00,60.59
10/21/2019 16:00,61.09
10/22/2019 16:00,60.19
10/23/2019 16:00,60.45
10/24/2019 16:00,61.4
10/25/2019 16:00,61.28
10/28/2019 16:00,61.7
10/29/2019 16:00,61.47
10/30/2019 16:00,60.53
10/31/2019 16:00,60.09
11/1/2019 16:00,61.2
11/4/2019 16:00,61.61
11/5/2019 16:00,62.72
11/6/2019 16:00,62.09
11/7/2019 16:00,62.37
11/8/2019 16:00,62.63
11/11/2019 16:00,62.97
11/12/2019 16:00,63.3
11/13/2019 16:00,62.11
11/14/2019 16:00,62.93
11/15/2019 16:00,63.9
11/18/2019 16:00,63.66
11/19/2019 16:00,63.37
11/20/2019 16:00,62.76
11/21/2019 16:00,62.27
11/22/2019 16:00,62.51
11/25/2019 16:00,63.8
11/26/2019 16:00,63.98
11/27/2019 16:00,64.95
11/29/2019 13:00,64.4
12/2/2019 16:00,63.98
12/3/2019 16:00,63.6
12/4/2019 16:00,63.96
12/5/2019 16:00,63.65
12/6/2019 16:00,64.42
12/9/2019 16:00,63.92
12/10/2019 16:00,63.79
12/11/2019 16:00,64.65
12/12/2019 16:00,65.98
12/13/2019 16:00,66.3
12/16/2019 16:00,67.26
12/17/2019 16:00,68.41
12/18/2019 16:00,68.69
12/19/2019 16:00,68.56
12/20/2019 16:00,69.15
12/23/2019 16:00,69.88
12/24/2019 13:00,70.1
12/26/2019 16:00,70.48
12/27/2019 16:00,69.56
12/30/2019 16:00,70.37
12/31/2019 16:00,70.74
1/2/2020 16:00,72.14
1/3/2020 16:00,72
1/6/2020 16:00,72.52
1/7/2020 16:00,72.7
1/8/2020 16:00,73.2
1/9/2020 16:00,73.82
1/10/2020 16:00,73.84
1/13/2020 16:00,76.02
1/14/2020 16:00,76.92
1/15/2020 16:00,77.3
1/16/2020 16:00,78.07
1/17/2020 16:00,78.74
1/21/2020 16:00,78.95
1/22/2020 16:00,77.76
1/23/2020 16:00,77.97
1/24/2020 16:00,77.32
1/27/2020 16:00,74.52
1/28/2020 16:00,76.21
1/29/2020 16:00,75.97
1/30/2020 16:00,75.9
1/31/2020 16:00,74.44
2/3/2020 16:00,76.46
2/4/2020 16:00,80.21
2/5/2020 16:00,80.4
2/6/2020 16:00,80.71
2/7/2020 16:00,79.35
2/10/2020 16:00,80.65
2/11/2020 16:00,82.63
2/12/2020 16:00,85.73
2/13/2020 16:00,85.1
2/14/2020 16:00,85.01
2/18/2020 16:00,85.84
2/19/2020 16:00,91.58
2/20/2020 16:00,92.53
2/21/2020 16:00,89.91
2/24/2020 16:00,86.28
2/25/2020 16:00,83.89
2/26/2020 16:00,82.99
2/27/2020 16:00,77.93
2/28/2020 16:00,77.73
3/2/2020 16:00,79.86
3/3/2020 16:00,79.65
3/4/2020 16:00,82.07
3/5/2020 16:00,80.97
3/6/2020 16:00,77.71
3/9/2020 16:00,68.83
3/10/2020 16:00,71.46
3/11/2020 16:00,66.17
3/12/2020 16:00,57.45
3/13/2020 16:00,59.51
3/16/2020 16:00,50.59
3/17/2020 16:00,54.18
3/18/2020 16:00,47.37
3/19/2020 16:00,50.17
3/20/2020 16:00,49.45
3/23/2020 16:00,48.75
3/24/2020 16:00,55.74
3/25/2020 16:00,58.11
3/26/2020 16:00,59.95
3/27/2020 16:00,55.37
3/30/2020 16:00,55.71
3/31/2020 16:00,55.85
4/1/2020 16:00,51.68
4/2/2020 16:00,52.4
4/3/2020 16:00,51.16
4/6/2020 16:00,55.35
4/7/2020 16:00,56.41
4/8/2020 16:00,59.22
4/9/2020 16:00,60.57
4/13/2020 16:00,59.9
4/14/2020 16:00,62.06
4/15/2020 16:00,59.46
4/16/2020 16:00,59.16
4/17/2020 16:00,61.38
4/20/2020 16:00,60.13
4/21/2020 16:00,57.94
4/22/2020 16:00,60.51
4/23/2020 16:00,61.39
4/24/2020 16:00,61.38
4/27/2020 16:00,63.79
4/28/2020 16:00,64.73
4/29/2020 16:00,68.75
4/30/2020 16:00,66.19
5/1/2020 16:00,62.52
5/4/2020 16:00,63.32
5/5/2020 16:00,63.56
5/6/2020 16:00,64.91
5/7/2020 16:00,65.75
5/8/2020 16:00,68.72
5/11/2020 16:00,68.16
5/12/2020 16:00,66.18
5/13/2020 16:00,63.21
5/14/2020 16:00,63.61
5/15/2020 16:00,63.91
5/18/2020 16:00,68.5
5/19/2020 16:00,69.02
5/20/2020 16:00,69.82
5/21/2020 16:00,69.26
5/22/2020 16:00,68.47
5/26/2020 16:00,71.83
5/27/2020 16:00,73.3
5/28/2020 16:00,71.56
5/29/2020 16:00,72.3
6/1/2020 16:00,74.32
6/2/2020 16:00,74.82
6/3/2020 16:00,77.47
6/4/2020 16:00,78.5
6/5/2020 16:00,80.84
6/8/2020 16:00,82.96
6/9/2020 16:00,81.92
6/10/2020 16:00,82.31
6/11/2020 16:00,74.48
6/12/2020 16:00,77.28
6/15/2020 16:00,78.93
6/16/2020 16:00,80.98
6/17/2020 16:00,78.86
6/18/2020 16:00,80.07
6/19/2020 16:00,80.17
6/22/2020 16:00,79.85
6/23/2020 16:00,80.98
6/24/2020 16:00,79.72
6/25/2020 16:00,80.06
6/26/2020 16:00,77.91
6/29/2020 16:00,82.05
6/30/2020 16:00,84.3
7/1/2020 16:00,84.98
7/2/2020 16:00,87.46
7/6/2020 16:00,91.51
7/7/2020 16:00,91.53
7/8/2020 16:00,94.14
7/9/2020 16:00,93.69
7/10/2020 16:00,94.6
7/13/2020 16:00,92.58
7/14/2020 16:00,96.56
7/15/2020 16:00,99.95
7/16/2020 16:00,98.36
7/17/2020 16:00,98.64
7/20/2020 16:00,101.25
7/21/2020 16:00,100.66
7/22/2020 16:00,101.57
7/23/2020 16:00,101.17
7/24/2020 16:00,98.82
7/27/2020 16:00,100.82
7/28/2020 16:00,97.92
7/29/2020 16:00,98.09
7/30/2020 16:00,97.87
7/31/2020 16:00,96.57
8/3/2020 16:00,101.36
8/4/2020 16:00,104.33
8/5/2020 16:00,107.02
8/6/2020 16:00,106.47
8/7/2020 16:00,108.19
8/10/2020 16:00,109.84
8/12/2020 16:00,109.51
8/13/2020 16:00,111.3
8/14/2020 16:00,110.07
8/17/2020 16:00,111.88
8/18/2020 16:00,112.82
8/19/2020 16:00,113.1
8/21/2020 16:00,111.19
8/24/2020 16:00,113.17
8/25/2020 16:00,115.71
8/26/2020 16:00,116.24
8/27/2020 16:00,116.08
8/28/2020 16:00,118.07
8/31/2020 16:00,117.65
9/1/2020 16:00,121.24
9/2/2020 16:00,120.1
9/3/2020 16:00,112.04
9/8/2020 16:00,108.92
9/9/2020 16:00,113.53
9/10/2020 16:00,110.54
9/11/2020 16:00,111.24
9/14/2020 16:00,116.23
9/15/2020 16:00,118.2
9/16/2020 16:00,119.44
9/21/2020 16:00,117.34
9/22/2020 16:00,117.14
9/23/2020 16:00,113.11
9/25/2020 16:00,117.07
9/28/2020 16:00,123.74
10/1/2020 16:00,129.61
10/2/2020 16:00,129.68
10/5/2020 16:00,136.77
10/6/2020 16:00,136.21
10/7/2020 16:00,143.68
10/9/2020 16:00,146.54
10/12/2020 16:00,144.51
10/20/2020 16:00,147.08
10/22/2020 16:00,139.83
10/26/2020 16:00,136.11
10/28/2020 16:00,131.71
10/30/2020 16:00,131.42
11/2/2020 16:00,136.64
11/4/2020 16:00,137.17
11/5/2020 16:00,150.36
11/6/2020 16:00,151.5
11/9/2020 16:00,151.9
11/17/2020 16:00,165.91
11/23/2020 16:00,190.79
11/24/2020 16:00,190.69
11/25/2020 16:00,192.95
11/27/2020 13:00,197.06
12/2/2020 16:00,182.04
12/3/2020 16:00,180.44
12/4/2020 16:00,184.09
12/9/2020 16:00,184.82
12/10/2020 16:00,186.98
12/11/2020 16:00,184.48
12/16/2020 16:00,195.55
12/17/2020 16:00,198.98
12/18/2020 16:00,203.61
12/22/2020 16:00,223.14
12/23/2020 16:00,225
12/24/2020 13:00,222.94
12/31/2020 16:00,214.06
1/4/2021 16:00,214.87
1/5/2021 16:00,220.81
1/7/2021 16:00,251.98
1/14/2021 16:00,261.27
1/15/2021 16:00,246.58
1/19/2021 16:00,260.93
1/20/2021 16:00,260.07
1/27/2021 16:00,258.49
1/29/2021 16:00,247.74
2/4/2021 16:00,269.15
2/5/2021 16:00,268.93
2/9/2021 16:00,281.44
2/10/2021 16:00,276.04
2/12/2021 16:00,275.27
2/17/2021 16:00,257.65
2/18/2021 16:00,242.46
2/19/2021 16:00,249.35
2/24/2021 16:00,236.48
3/1/2021 16:00,235.32
3/4/2021 16:00,198.49
3/5/2021 16:00,194.65
3/8/2021 16:00,189.06
3/9/2021 16:00,206.81
3/10/2021 16:00,209.64
3/11/2021 16:00,224.82
3/15/2021 16:00,224.74
3/22/2021 16:00,210.12
3/26/2021 16:00,194.49
3/31/2021 16:00,203.74
4/1/2021 16:00,205.65
4/7/2021 16:00,195.55
4/8/2021 16:00,198.53
4/9/2021 16:00,195.67
4/12/2021 16:00,189.49
4/14/2021 16:00,188.17
4/16/2021 16:00,182.48
4/21/2021 16:00,181.03
4/22/2021 16:00,182.84
4/23/2021 16:00,188.84
4/26/2021 16:00,194.55
4/29/2021 16:00,186.71
5/4/2021 16:00,172.37
5/5/2021 16:00,170
5/6/2021 16:00,165.51
5/12/2021 16:00,151.16
5/13/2021 16:00,148.63
5/14/2021 16:00,156.19
5/19/2021 16:00,161.4
5/20/2021 16:00,163.81
5/25/2021 16:00,162.23
5/27/2021 16:00,173.61
5/28/2021 16:00,171.96
6/1/2021 16:00,175.37
6/2/2021 16:00,178.14
6/3/2021 16:00,176.83
6/4/2021 16:00,178.74
6/8/2021 16:00,186.7
6/9/2021 16:00,184.89
6/15/2021 16:00,179.11
6/16/2021 16:00,182.36
6/17/2021 16:00,183.64
6/18/2021 16:00,181.39
6/23/2021 16:00,186.26
6/24/2021 16:00,186.4
6/29/2021 16:00,195.61
6/30/2021 16:00,193.43
7/1/2021 16:00,191.07
7/7/2021 16:00,181.7
7/8/2021 16:00,179.66
7/12/2021 16:00,184.42
7/13/2021 16:00,179.79
7/14/2021 16:00,171.27
7/15/2021 16:00,171.07
7/19/2021 16:00,164.39
7/21/2021 16:00,177.85
7/22/2021 16:00,173.8
7/26/2021 16:00,168.12
7/27/2021 16:00,163.65
7/28/2021 16:00,171.42
7/29/2021 16:00,172.7
7/30/2021 16:00,173.22
8/2/2021 16:00,172.12
8/3/2021 16:00,172.56
8/4/2021 16:00,169.8
8/5/2021 16:00,171.57
8/6/2021 16:00,170.93
8/9/2021 16:00,175.87
8/10/2021 16:00,179.58
8/11/2021 16:00,176.14
8/12/2021 16:00,175.16
8/13/2021 16:00,168.42
8/16/2021 16:00,162.77
8/17/2021 16:00,157.05
8/18/2021 16:00,157.78
8/19/2021 16:00,152.04
8/20/2021 16:00,155.32
8/23/2021 16:00,161.9
8/24/2021 16:00,165.07
8/25/2021 16:00,165.42
8/26/2021 16:00,164.02
8/27/2021 16:00,167.8
8/30/2021 16:00,168.37
8/31/2021 16:00,169.27
9/1/2021 16:00,169.8
9/2/2021 16:00,172.84
9/3/2021 16:00,170.71
9/7/2021 16:00,171.05
9/8/2021 16:00,165.81
9/9/2021 16:00,167.64
9/10/2021 16:00,164.89
9/13/2021 16:00,167.07
9/14/2021 16:00,165.39
9/15/2021 16:00,166.67
9/16/2021 16:00,164.54
9/17/2021 16:00,168.01
9/20/2021 16:00,159.32
9/21/2021 16:00,160.81
9/22/2021 16:00,163.42
9/23/2021 16:00,165.71
9/24/2021 16:00,162.96
9/27/2021 16:00,167.19
9/28/2021 16:00,161.12
9/29/2021 16:00,159.05
9/30/2021 16:00,160.53
10/1/2021 16:00,160.75
10/4/2021 16:00,153.11
10/5/2021 16:00,153.25
10/6/2021 16:00,151.79
10/7/2021 16:00,155.69
10/8/2021 16:00,154.9
10/11/2021 16:00,157.39
10/12/2021 16:00,162.7
10/13/2021 16:00,166.44
10/14/2021 16:00,165.66
10/15/2021 16:00,164.95
10/18/2021 16:00,165.99
10/19/2021 16:00,170.42
10/20/2021 16:00,169.81
10/21/2021 16:00,170.46
10/22/2021 16:00,166.7
10/25/2021 16:00,174.36
10/26/2021 16:00,172.73
10/27/2021 16:00,172.81
10/28/2021 16:00,182.26
10/29/2021 16:00,184.61
11/1/2021 16:00,192.49
11/2/2021 16:00,190.42
11/3/2021 16:00,192.19
11/4/2021 16:00,191.56
11/5/2021 16:00,189.91
11/8/2021 16:00,198.68
11/9/2021 16:00,192.26
11/10/2021 16:00,186.48
11/11/2021 16:00,196.46
11/12/2021 16:00,198.21
11/15/2021 16:00,195.68
11/16/2021 16:00,195.95
11/17/2021 16:00,192.29
11/18/2021 16:00,184.92
11/19/2021 16:00,188.81
11/22/2021 16:00,186.06
11/23/2021 16:00,183.02
11/24/2021 16:00,184.85
11/26/2021 13:00,178.47
11/29/2021 16:00,181.8
11/30/2021 16:00,176.99
12/1/2021 16:00,168.37
12/2/2021 16:00,168.44
12/3/2021 16:00,158.29
12/6/2021 16:00,159.87
12/7/2021 16:00,166.24
12/8/2021 16:00,168.7
12/9/2021 16:00,162.35
12/10/2021 16:00,161
12/13/2021 16:00,158.45
12/14/2021 16:00,153.09
12/15/2021 16:00,155.04
12/16/2021 16:00,149.81
12/17/2021 16:00,151.39
12/20/2021 16:00,143.91
12/21/2021 16:00,150.2
12/22/2021 16:00,150.16
12/23/2021 16:00,151.04
12/27/2021 16:00,150.48
12/28/2021 16:00,147.89
12/29/2021 16:00,144.88
12/30/2021 16:00,150.01
12/31/2021 16:00,149.26
1/3/2022 16:00,152.87
1/4/2022 16:00,151.81
1/5/2022 16:00,142.66
1/6/2022 16:00,140.47
1/7/2022 16:00,139.03
1/10/2022 16:00,135.77
1/11/2022 16:00,139.79
1/12/2022 16:00,139.72
1/13/2022 16:00,134.96
1/14/2022 16:00,134.46
1/18/2022 16:00,128.28
1/19/2022 16:00,124.19
1/20/2022 16:00,122.45
1/21/2022 16:00,116.45
1/24/2022 16:00,116.82
1/25/2022 16:00,114.11
1/26/2022 16:00,112.39
1/27/2022 16:00,106.55
1/28/2022 16:00,108.07
1/31/2022 16:00,118.04
2/1/2022 16:00,119.96
2/2/2022 16:00,115.57
2/3/2022 16:00,110.36
2/4/2022 16:00,113.62
2/7/2022 16:00,113.17
2/8/2022 16:00,116.42
2/9/2022 16:00,122.23
2/10/2022 16:00,119.66
2/11/2022 16:00,115.68
2/14/2022 16:00,115.37
2/15/2022 16:00,123.78
2/16/2022 16:00,123.79
2/17/2022 16:00,118.52
2/18/2022 16:00,115.21
2/22/2022 16:00,109.96
2/23/2022 16:00,107.72
2/24/2022 16:00,116.5
2/25/2022 16:00,118.67
2/28/2022 16:00,124
3/1/2022 16:00,123.84
3/2/2022 16:00,122.51
3/3/2022 16:00,119.7
3/4/2022 16:00,115.6
3/7/2022 16:00,117.7
3/8/2022 16:00,127.29
3/9/2022 16:00,130.11
3/10/2022 16:00,128.06
3/11/2022 16:00,123.67
3/14/2022 16:00,115.2
3/15/2022 16:00,119.5
3/16/2022 16:00,127.61
3/17/2022 16:00,132.43
3/18/2022 16:00,135.68
3/21/2022 16:00,134.87
3/22/2022 16:00,137.57
3/23/2022 16:00,135.81
3/24/2022 16:00,138.64
3/25/2022 16:00,136.28
3/28/2022 16:00,135.23
3/29/2022 16:00,139.71
3/30/2022 16:00,137.07
3/31/2022 16:00,136.37
4/1/2022 16:00,136.05
4/4/2022 16:00,143.21
4/5/2022 16:00,137.57
4/6/2022 16:00,131.5
4/7/2022 16:00,129.77
4/8/2022 16:00,125.48
4/11/2022 16:00,123.85
4/12/2022 16:00,122.09
4/13/2022 16:00,125.54
4/14/2022 16:00,121.89
4/18/2022 16:00,120.17
4/19/2022 16:00,123.09
4/20/2022 16:00,119.32
4/21/2022 16:00,112.51
4/22/2022 16:00,110.57
4/25/2022 16:00,112.42
4/26/2022 16:00,106.79
4/27/2022 16:00,107.08
4/28/2022 16:00,109.21
4/29/2022 16:00,106.38
5/2/2022 16:00,108.68
5/3/2022 16:00,111.01
5/4/2022 16:00,116.89
5/5/2022 16:00,110.96
5/6/2022 16:00,107.49
5/9/2022 16:00,97.08
5/10/2022 16:00,95.15
5/11/2022 16:00,87.8
5/12/2022 16:00,91.06
5/13/2022 16:00,98.97
5/16/2022 16:00,97.44
5/17/2022 16:00,103.98
5/18/2022 16:00,102.06
5/19/2022 16:00,105.43
5/20/2022 16:00,103.67
5/23/2022 16:00,104.94
5/24/2022 16:00,100.64
5/25/2022 16:00,102.91
5/26/2022 16:00,107.36
5/27/2022 16:00,113.13
5/31/2022 16:00,110.93
6/1/2022 16:00,107.68
6/2/2022 16:00,114.2
6/3/2022 16:00,111.29
6/6/2022 16:00,113.13
6/7/2022 16:00,113.98
6/8/2022 16:00,113.31
6/9/2022 16:00,109.59
6/10/2022 16:00,105.8
6/13/2022 16:00,98.83
6/14/2022 16:00,96.35
6/15/2022 16:00,100.22
6/16/2022 16:00,93.72
6/17/2022 16:00,98.99
6/21/2022 16:00,101.68
6/22/2022 16:00,100.69
6/23/2022 16:00,104.88
6/24/2022 16:00,103.85
6/27/2022 16:00,104.13
6/28/2022 16:00,99.25
6/29/2022 16:00,94.8
6/30/2022 16:00,95.21
7/1/2022 16:00,94.42
7/5/2022 16:00,95.42
7/6/2022 16:00,94.49
7/7/2022 16:00,100.81
7/8/2022 16:00,102.69
7/11/2022 16:00,96.44
7/12/2022 16:00,96.71
7/13/2022 16:00,97.02
7/14/2022 16:00,97.37
7/15/2022 16:00,97.46
7/18/2022 16:00,99.15
7/19/2022 16:00,102.21
7/20/2022 16:00,105.87
7/21/2022 16:00,106.83
7/22/2022 16:00,101.93
7/25/2022 16:00,102.93
7/26/2022 16:00,99.92
7/27/2022 16:00,104.65
7/28/2022 16:00,113.03
7/29/2022 16:00,116.04
8/1/2022 16:00,114.2
8/2/2022 16:00,117.79
8/3/2022 16:00,118.92
8/4/2022 16:00,121.49
8/5/2022 16:00,122.03
8/8/2022 16:00,124.12
8/9/2022 16:00,120.59
8/10/2022 16:00,128.6
8/11/2022 16:00,128.04
8/12/2022 16:00,134.53
8/15/2022 16:00,133.32
8/16/2022 16:00,130.02
8/17/2022 16:00,125.45
8/18/2022 16:00,127.31
8/19/2022 16:00,120.05
8/22/2022 16:00,117.35
8/23/2022 16:00,118.54
8/24/2022 16:00,123.98
8/25/2022 16:00,126.24
8/26/2022 16:00,121.35
8/29/2022 16:00,119.35
8/30/2022 16:00,117.36
8/31/2022 16:00,119.07
9/1/2022 16:00,114.64
9/2/2022 16:00,112.66
9/6/2022 16:00,112.87
9/7/2022 16:00,118.06
9/8/2022 16:00,119.04
9/9/2022 16:00,121.01
9/12/2022 16:00,122.35
9/13/2022 16:00,119.3
9/14/2022 16:00,122.81
9/15/2022 16:00,120.66
9/16/2022 16:00,118.54
9/19/2022 16:00,118.85
9/20/2022 16:00,114.64
9/21/2022 16:00,113.76
9/22/2022 16:00,108.94
9/23/2022 16:00,104.17
9/26/2022 16:00,102.68
9/27/2022 16:00,104.42
9/28/2022 16:00,107.46
9/29/2022 16:00,100.87
9/30/2022 16:00,100.33
10/3/2022 16:00,103.05
10/4/2022 16:00,108.91
10/5/2022 16:00,105.35
10/6/2022 16:00,102.41
10/7/2022 16:00,97.05
10/10/2022 16:00,94.73
10/11/2022 16:00,93.9
10/12/2022 16:00,91.8
10/13/2022 16:00,93.5
10/14/2022 16:00,89.57
10/17/2022 16:00,92.12
10/18/2022 16:00,93.37
10/19/2022 16:00,91.27
10/20/2022 16:00,88.53
10/21/2022 16:00,90.17
10/24/2022 16:00,88.5
10/25/2022 16:00,94.34
10/26/2022 16:00,94.42
10/27/2022 16:00,93.75
10/28/2022 16:00,93.89
10/31/2022 16:00,95.86
11/1/2022 16:00,95.17
11/2/2022 16:00,90.67
11/3/2022 16:00,92.1
11/4/2022 16:00,93.33
11/7/2022 16:00,91.89
11/8/2022 16:00,93.1
11/9/2022 16:00,89.27
11/10/2022 16:00,98.27
11/11/2022 16:00,100.85
11/14/2022 16:00,99.19
11/15/2022 16:00,101.38
11/16/2022 16:00,97.95
11/17/2022 16:00,97.07
11/18/2022 16:00,95.9
11/21/2022 16:00,94.09
11/22/2022 16:00,94.81
11/23/2022 16:00,96.94
11/25/2022 13:00,97.07
11/28/2022 16:00,92.35
11/29/2022 16:00,92.23
11/30/2022 16:00,97.78
12/1/2022 16:00,95.23
12/2/2022 16:00,97.75
12/5/2022 16:00,94.76
12/6/2022 16:00,90.47
12/7/2022 16:00,89.4
12/8/2022 16:00,90.26
12/9/2022 16:00,89.01
12/12/2022 16:00,89.43
12/13/2022 16:00,90.97
12/14/2022 16:00,91.34
12/15/2022 16:00,89.28
12/16/2022 16:00,87.91
12/19/2022 16:00,83.93
12/20/2022 16:00,83.06
12/21/2022 16:00,84.4
12/22/2022 16:00,81.31
12/23/2022 16:00,80.47
12/27/2022 16:00,77
12/28/2022 16:00,76.02
12/29/2022 16:00,79.23
12/30/2022 16:00,80.27
