Effective date ,S&P Kensho Electric Vehicles Index (USD)
2/28/2014,143.25
3/3/2014,143.26
3/4/2014,147.17
3/5/2014,148.13
3/6/2014,147.9
3/7/2014,146.87
3/10/2014,148.05
3/11/2014,144.49
3/12/2014,145.85
3/13/2014,144.38
3/14/2014,143.52
3/17/2014,144.48
3/18/2014,145.81
3/19/2014,144.33
3/20/2014,144.41
3/21/2014,143.91
3/24/2014,141.56
3/25/2014,143.7
3/26/2014,140.67
3/27/2014,140.28
3/28/2014,141.99
3/31/2014,143.39
4/1/2014,146.18
4/2/2014,148.92
4/3/2014,147.06
4/4/2014,143.87
4/7/2014,140.07
4/8/2014,141.7
4/9/2014,143.83
4/10/2014,139.82
4/11/2014,138.07
4/14/2014,138.4
4/15/2014,137.93
4/16/2014,139.74
4/17/2014,140.02
4/21/2014,141.66
4/22/2014,143.61
4/23/2014,142.03
4/24/2014,141.84
4/25/2014,139
4/28/2014,137.51
4/29/2014,138.18
4/30/2014,139.47
5/1/2014,140.22
5/2/2014,140.56
5/5/2014,140.98
5/6/2014,138.92
5/7/2014,139.06
5/8/2014,136.01
5/9/2014,135.7
5/12/2014,137.74
5/13/2014,138.57
5/14/2014,138.3
5/15/2014,136.69
5/16/2014,136.5
5/19/2014,137.59
5/20/2014,136.36
5/21/2014,137.42
5/22/2014,138.23
5/23/2014,140.65
5/27/2014,143.14
5/28/2014,142.84
5/29/2014,143.25
5/30/2014,142.95
6/2/2014,142.23
6/3/2014,142.7
6/4/2014,143.59
6/5/2014,145.22
6/6/2014,146.24
6/9/2014,146.52
6/10/2014,146.69
6/11/2014,146.87
6/12/2014,144.91
6/13/2014,145.61
6/16/2014,147.19
6/17/2014,149.22
6/18/2014,149.02
6/19/2014,148.41
6/20/2014,148.27
6/23/2014,148.49
6/24/2014,147.44
6/25/2014,148.26
6/26/2014,148.27
6/27/2014,148.94
6/30/2014,150.34
7/1/2014,152.32
7/2/2014,150.96
7/3/2014,151.5
7/7/2014,151.06
7/8/2014,149.77
7/9/2014,151.63
7/10/2014,149.72
7/11/2014,149.82
7/14/2014,156.12
7/15/2014,154.27
7/16/2014,154.93
7/17/2014,152.45
7/18/2014,154.32
7/21/2014,156.31
7/22/2014,155.94
7/23/2014,152.96
7/24/2014,150.36
7/25/2014,150.87
7/28/2014,150.89
7/29/2014,149.86
7/30/2014,150.31
7/31/2014,147.24
8/1/2014,146.65
8/4/2014,148.99
8/5/2014,149.36
8/6/2014,149.77
8/7/2014,149.39
8/8/2014,150.1
8/11/2014,151.54
8/12/2014,149.12
8/13/2014,150.18
8/14/2014,150.63
8/15/2014,150.4
8/18/2014,152.85
8/19/2014,153.96
8/20/2014,154.75
8/21/2014,153.88
8/22/2014,153.36
8/25/2014,153.05
8/26/2014,153.77
8/27/2014,153.91
8/28/2014,153.92
8/29/2014,153.2
9/2/2014,154.62
9/3/2014,154.19
9/4/2014,153.09
9/5/2014,152.43
9/8/2014,151.99
9/9/2014,149.88
9/10/2014,151.49
9/11/2014,151.63
9/12/2014,150.39
9/15/2014,148.04
9/16/2014,148.57
9/17/2014,148.81
9/18/2014,148.93
9/19/2014,147.2
9/22/2014,143.84
9/23/2014,142.68
9/24/2014,143.15
9/25/2014,140.68
9/26/2014,142.11
9/29/2014,139.73
9/30/2014,137.82
10/1/2014,135.8
10/2/2014,138.85
10/3/2014,139.49
10/6/2014,140.41
10/7/2014,136.87
10/8/2014,138.6
10/9/2014,134.64
10/10/2014,130.58
10/13/2014,128.3
10/14/2014,129.72
10/15/2014,130
10/16/2014,131.78
10/17/2014,131.92
10/20/2014,133.5
10/21/2014,135.09
10/22/2014,133.89
10/23/2014,136.53
10/24/2014,137.49
10/27/2014,136.95
10/28/2014,140.73
10/29/2014,141.34
10/30/2014,142.49
10/31/2014,145.93
11/3/2014,147.56
11/4/2014,146.36
11/5/2014,146.53
11/6/2014,148.59
11/7/2014,147.4
11/10/2014,145.27
11/11/2014,146.64
11/12/2014,145.84
11/13/2014,144.66
11/14/2014,145.85
11/17/2014,145.8
11/18/2014,147.56
11/19/2014,145.61
11/20/2014,146.03
11/21/2014,146.3
11/24/2014,147.38
11/25/2014,147.6
11/26/2014,146.36
11/28/2014,146.39
12/1/2014,144.27
12/2/2014,145.25
12/3/2014,146
12/4/2014,145.77
12/5/2014,146.05
12/8/2014,143.03
12/9/2014,143.51
12/10/2014,139.78
12/11/2014,140.09
12/12/2014,137.19
12/15/2014,135.11
12/16/2014,133.4
12/17/2014,136.95
12/18/2014,140.22
12/19/2014,142.14
12/22/2014,142.4
12/23/2014,143.52
12/24/2014,144.62
12/26/2014,146.18
12/29/2014,146.25
12/30/2014,146.17
12/31/2014,144.99
1/2/2015,143.79
1/5/2015,139.65
1/6/2015,138.14
1/7/2015,140.29
1/8/2015,142.5
1/9/2015,141.38
1/12/2015,139.84
1/13/2015,139.6
1/14/2015,139.06
1/15/2015,137.9
1/16/2015,138.96
1/20/2015,138.71
1/21/2015,139.92
1/22/2015,142.23
1/23/2015,142.07
1/26/2015,143.39
1/27/2015,141.86
1/28/2015,139.82
1/29/2015,142.05
1/30/2015,140.66
2/2/2015,143.92
2/3/2015,147.15
2/4/2015,147.39
2/5/2015,148.48
2/6/2015,147.69
2/9/2015,147.06
2/10/2015,148.62
2/11/2015,147.6
2/12/2015,148.31
2/13/2015,148.81
2/17/2015,150.09
2/18/2015,150.45
2/19/2015,151.12
2/20/2015,152.23
2/23/2015,151.36
2/24/2015,151.65
2/25/2015,151.85
2/26/2015,152.04
2/27/2015,150.87
3/2/2015,152.01
3/3/2015,151.53
3/4/2015,149.98
3/5/2015,150.33
3/6/2015,148.17
3/9/2015,148.4
3/10/2015,147.23
3/11/2015,147.26
3/12/2015,149.22
3/13/2015,148.18
3/16/2015,151.32
3/17/2015,150.41
3/18/2015,152.23
3/19/2015,151.18
3/20/2015,152.46
3/23/2015,152.88
3/24/2015,152.19
3/25/2015,148.81
3/26/2015,148.01
3/27/2015,148.11
3/30/2015,150.48
3/31/2015,149.87
4/1/2015,148.74
4/2/2015,149.97
4/6/2015,152.07
4/7/2015,150.9
4/8/2015,152.3
4/9/2015,152.93
4/10/2015,153.24
4/13/2015,151.94
4/14/2015,151.94
4/15/2015,152.47
4/16/2015,152.24
4/17/2015,150.9
4/20/2015,151.91
4/21/2015,152.34
4/22/2015,153.51
4/23/2015,152.9
4/24/2015,152.78
4/27/2015,153.49
4/28/2015,152.33
4/29/2015,151.46
4/30/2015,149.4
5/1/2015,150.18
5/4/2015,150.97
5/5/2015,149
5/6/2015,148.22
5/7/2015,149.22
5/8/2015,151.81
5/11/2015,150.97
5/12/2015,150.16
5/13/2015,150.03
5/14/2015,149.79
5/15/2015,150.42
5/18/2015,150.88
5/19/2015,150
5/20/2015,149.67
5/21/2015,150.63
5/22/2015,151.36
5/26/2015,149.94
5/27/2015,151.12
5/28/2015,151.94
5/29/2015,150.36
6/1/2015,150.73
6/2/2015,150.03
6/3/2015,150.65
6/4/2015,148.39
6/5/2015,147.97
6/8/2015,147.47
6/9/2015,147.19
6/10/2015,149.35
6/11/2015,149.56
6/12/2015,149.92
6/15/2015,148.43
6/16/2015,149.18
6/17/2015,149.35
6/18/2015,150.35
6/19/2015,149.77
6/22/2015,150.45
6/23/2015,151.2
6/24/2015,149.34
6/25/2015,148.76
6/26/2015,148.31
6/29/2015,143.61
6/30/2015,144.62
7/1/2015,145.16
7/2/2015,145.31
7/6/2015,144.46
7/7/2015,142.61
7/8/2015,136.03
7/9/2015,136.43
7/10/2015,137.02
7/13/2015,138.85
7/14/2015,139.02
7/15/2015,137.67
7/16/2015,136.35
7/17/2015,136.92
7/20/2015,136.97
7/21/2015,135.34
7/22/2015,134.62
7/23/2015,135.09
7/24/2015,132.79
7/27/2015,131.09
7/28/2015,133.54
7/29/2015,134.71
7/30/2015,136.08
7/31/2015,136.69
8/3/2015,136.36
8/4/2015,135.8
8/5/2015,137.02
8/6/2015,135.86
8/7/2015,136.21
8/10/2015,137.51
8/11/2015,134.57
8/12/2015,134.05
8/13/2015,134.45
8/14/2015,135.19
8/17/2015,136.82
8/18/2015,137.21
8/19/2015,135.79
8/20/2015,131.31
8/21/2015,127.08
8/24/2015,121.99
8/25/2015,120.06
8/26/2015,123.17
8/27/2015,127.08
8/28/2015,128.91
8/31/2015,128.37
9/1/2015,123.72
9/2/2015,124.88
9/3/2015,125.1
9/4/2015,123.46
9/8/2015,126.93
9/9/2015,126.2
9/10/2015,126.16
9/11/2015,126.32
9/14/2015,126.22
9/15/2015,128.09
9/16/2015,130.85
9/17/2015,130.52
9/18/2015,127.83
9/21/2015,127.69
9/22/2015,124.53
9/23/2015,123.73
9/24/2015,123.82
9/25/2015,123.49
9/28/2015,120.62
9/29/2015,120.94
9/30/2015,123.6
10/1/2015,122.95
10/2/2015,124.88
10/5/2015,127.29
10/6/2015,126.97
10/7/2015,128.56
10/8/2015,129.48
10/9/2015,129.95
10/12/2015,130.39
10/13/2015,128.96
10/14/2015,129.17
10/15/2015,131.26
10/16/2015,131.21
10/19/2015,132.69
10/20/2015,132.57
10/21/2015,131.69
10/22/2015,133.64
10/23/2015,134.72
10/26/2015,134.12
10/27/2015,132.72
10/28/2015,135.87
10/29/2015,131.9
10/30/2015,132.88
11/2/2015,134.65
11/3/2015,135.11
11/4/2015,136.71
11/5/2015,137.35
11/6/2015,137.88
11/9/2015,134.34
11/10/2015,135.15
11/11/2015,135.3
11/12/2015,133.29
11/13/2015,131.66
11/16/2015,134.3
11/17/2015,133.89
11/18/2015,136.38
11/19/2015,136.58
11/20/2015,137.78
11/23/2015,137.19
11/24/2015,137.87
11/25/2015,138.87
11/27/2015,139.04
11/30/2015,139.73
12/1/2015,140.75
12/2/2015,137.8
12/3/2015,136.76
12/4/2015,136.48
12/7/2015,135.59
12/8/2015,133.83
12/9/2015,133.88
12/10/2015,134.42
12/11/2015,131.39
12/14/2015,130.01
12/15/2015,130.93
12/16/2015,134.45
12/17/2015,132.83
12/18/2015,132.09
12/21/2015,133.78
12/22/2015,134.35
12/23/2015,136.69
12/24/2015,136.34
12/28/2015,135.14
12/29/2015,137.22
12/30/2015,135.27
12/31/2015,134.46
1/4/2016,130.51
1/5/2016,128.82
1/6/2016,125.48
1/7/2016,121.35
1/8/2016,119.63
1/11/2016,119.4
1/12/2016,120.41
1/13/2016,116.2
1/14/2016,117.66
1/15/2016,115.3
1/19/2016,114.62
1/20/2016,113.56
1/21/2016,113.71
1/22/2016,115.6
1/25/2016,112.23
1/26/2016,114.68
1/27/2016,113.43
1/28/2016,113.07
1/29/2016,116.13
2/1/2016,116.54
2/2/2016,113.7
2/3/2016,112.08
2/4/2016,113.34
2/5/2016,110.09
2/8/2016,107.93
2/9/2016,106.85
2/10/2016,106.68
2/11/2016,105.31
2/12/2016,107.93
2/16/2016,111.15
2/17/2016,114.27
2/18/2016,113.61
2/19/2016,112.66
2/22/2016,115.17
2/23/2016,114.67
2/24/2016,115.06
2/25/2016,116.87
2/26/2016,117.73
2/29/2016,117.24
3/1/2016,119.79
3/2/2016,121.07
3/3/2016,123.3
3/4/2016,124.42
3/7/2016,125.57
3/8/2016,122.59
3/9/2016,124.18
3/10/2016,123.82
3/11/2016,126.5
3/14/2016,127.84
3/15/2016,126.68
3/16/2016,128.32
3/17/2016,129.77
3/18/2016,130.31
3/21/2016,130.34
3/22/2016,129.99
3/23/2016,126.72
3/24/2016,127.32
3/28/2016,127.4
3/29/2016,129.3
3/30/2016,129.06
3/31/2016,129.27
4/1/2016,128.3
4/4/2016,126.95
4/5/2016,126.63
4/6/2016,128.03
4/7/2016,126.03
4/8/2016,127.22
4/11/2016,127.57
4/12/2016,128.55
4/13/2016,132.63
4/14/2016,132.72
4/15/2016,131.98
4/18/2016,132.52
4/19/2016,133.1
4/20/2016,133.24
4/21/2016,133.65
4/22/2016,134.73
4/25/2016,133.82
4/26/2016,135.85
4/27/2016,135.68
4/28/2016,132.33
4/29/2016,130.2
5/2/2016,130.96
5/3/2016,129.51
5/4/2016,127.5
5/5/2016,126.71
5/6/2016,128.86
5/9/2016,128.04
5/10/2016,129.49
5/11/2016,127.98
5/12/2016,127.59
5/13/2016,125.76
5/16/2016,127.86
5/17/2016,126.33
5/18/2016,127.2
5/19/2016,125.95
5/20/2016,127.84
5/23/2016,127.02
5/24/2016,129.83
5/25/2016,131.66
5/26/2016,131.81
5/27/2016,131.81
5/31/2016,133.14
6/1/2016,132.69
6/2/2016,133.15
6/3/2016,131.96
6/6/2016,133.17
6/7/2016,134.96
6/8/2016,135.73
6/9/2016,134.99
6/10/2016,132.25
6/13/2016,130.29
6/14/2016,129.73
6/15/2016,130.66
6/16/2016,130.7
6/17/2016,130.94
6/20/2016,133.05
6/21/2016,131.84
6/22/2016,130.24
6/23/2016,132.75
6/24/2016,124.71
6/27/2016,119.64
6/28/2016,121.97
6/29/2016,124.55
6/30/2016,125.79
7/1/2016,126.66
7/5/2016,123.24
7/6/2016,123.77
7/7/2016,124.7
7/8/2016,127.77
7/11/2016,129.96
7/12/2016,131.45
7/13/2016,131.75
7/14/2016,132.38
7/15/2016,132.8
7/18/2016,133.82
7/19/2016,133.04
7/20/2016,134.42
7/21/2016,135.15
7/22/2016,135.43
7/25/2016,135.55
7/26/2016,137.2
7/27/2016,137.67
7/28/2016,133.64
7/29/2016,135.05
8/1/2016,134.57
8/2/2016,131.93
8/3/2016,132.43
8/4/2016,133.51
8/5/2016,135.41
8/8/2016,134.65
8/9/2016,133.03
8/10/2016,131.78
8/11/2016,132.42
8/12/2016,131.88
8/15/2016,132.74
8/16/2016,131.66
8/17/2016,132.06
8/18/2016,132.18
8/19/2016,132.78
8/22/2016,132.48
8/23/2016,133.49
8/24/2016,132.77
8/25/2016,132.63
8/26/2016,132.56
8/29/2016,133.45
8/30/2016,133.21
8/31/2016,132.4
9/1/2016,132.03
9/2/2016,133.25
9/6/2016,133.78
9/7/2016,133.9
9/8/2016,132.12
9/9/2016,128.63
9/12/2016,130.74
9/13/2016,128.66
9/14/2016,128.14
9/15/2016,129.44
9/16/2016,129
9/19/2016,129.56
9/20/2016,129.2
9/21/2016,131.39
9/22/2016,133.09
9/23/2016,132.1
9/26/2016,130.61
9/27/2016,130.86
9/28/2016,132.12
9/29/2016,130.29
9/30/2016,132.12
10/3/2016,132.84
10/4/2016,132.56
10/5/2016,135.05
10/6/2016,133.73
10/7/2016,132.41
10/10/2016,132.71
10/11/2016,130.73
10/12/2016,130.65
10/13/2016,128.9
10/14/2016,129.29
10/17/2016,128.79
10/18/2016,128.14
10/19/2016,129.24
10/20/2016,128.63
10/21/2016,128.49
10/24/2016,129.67
10/25/2016,127.78
10/26/2016,129.14
10/27/2016,127.55
10/28/2016,127.76
10/31/2016,128.43
11/1/2016,126.65
11/2/2016,124.85
11/3/2016,123.93
11/4/2016,124.46
11/7/2016,127.32
11/8/2016,127.58
11/9/2016,126.81
11/10/2016,128.29
11/11/2016,129.5
11/14/2016,129.66
11/15/2016,130.15
11/16/2016,129.48
11/17/2016,130.55
11/18/2016,129.78
11/21/2016,130.27
11/22/2016,131.65
11/23/2016,132.17
11/25/2016,133.56
11/28/2016,132.94
11/29/2016,132.75
11/30/2016,132.8
12/1/2016,132.78
12/2/2016,131.12
12/5/2016,132.74
12/6/2016,134.14
12/7/2016,137.28
12/8/2016,138.73
12/9/2016,139.41
12/12/2016,137.79
12/13/2016,138.66
12/14/2016,136.53
12/15/2016,137.65
12/16/2016,138.14
12/19/2016,138.6
12/20/2016,140.03
12/21/2016,139.41
12/22/2016,137.78
12/23/2016,138.68
12/27/2016,139.39
12/28/2016,137.62
12/29/2016,137.55
12/30/2016,136.59
1/3/2017,138.23
1/4/2017,142.35
1/5/2017,140.76
1/6/2017,140.47
1/9/2017,140.05
1/10/2017,142.47
1/11/2017,143.25
1/12/2017,142.29
1/13/2017,143.85
1/17/2017,142.18
1/18/2017,142.7
1/19/2017,143.28
1/20/2017,142.86
1/23/2017,142.7
1/24/2017,144.99
1/25/2017,146.86
1/26/2017,145.84
1/27/2017,144.67
1/30/2017,143.34
1/31/2017,143.79
2/1/2017,143.95
2/2/2017,143.52
2/3/2017,145.32
2/6/2017,145.11
2/7/2017,144.41
2/8/2017,143.77
2/9/2017,144.36
2/10/2017,145.43
2/13/2017,147.42
2/14/2017,146.85
2/15/2017,146.93
2/16/2017,145.5
2/17/2017,145.87
2/21/2017,149.54
2/22/2017,149.69
2/23/2017,146.58
2/24/2017,145.61
2/27/2017,145.84
2/28/2017,144.42
3/1/2017,147.1
3/2/2017,146.35
3/3/2017,146.41
3/6/2017,145.07
3/7/2017,144.11
3/8/2017,144.66
3/9/2017,144.05
3/10/2017,144.8
3/13/2017,145.96
3/14/2017,146.2
3/15/2017,148.21
3/16/2017,148.89
3/17/2017,149.07
3/20/2017,147.92
3/21/2017,143.43
3/22/2017,143.84
3/23/2017,143.91
3/24/2017,144.49
3/27/2017,144.99
3/28/2017,147.1
3/29/2017,146.86
3/30/2017,147.34
3/31/2017,147.37
4/3/2017,145.05
4/4/2017,144.87
4/5/2017,142.61
4/6/2017,143.66
4/7/2017,144.14
4/10/2017,144.84
4/11/2017,145.37
4/12/2017,143.19
4/13/2017,142.65
4/17/2017,143.93
4/18/2017,143.13
4/19/2017,144.1
4/20/2017,146.38
4/21/2017,145.62
4/24/2017,147.81
4/25/2017,149.58
4/26/2017,150.53
4/27/2017,153.49
4/28/2017,153.26
5/1/2017,154.01
5/2/2017,151.97
5/3/2017,153
5/4/2017,152.36
5/5/2017,153.92
5/8/2017,153.83
5/9/2017,155.53
5/10/2017,155.8
5/11/2017,155.54
5/12/2017,155.04
5/15/2017,155.71
5/16/2017,155.3
5/17/2017,150.43
5/18/2017,151
5/19/2017,152.07
5/22/2017,153.39
5/23/2017,152.65
5/24/2017,153.1
5/25/2017,153.24
5/26/2017,154.46
5/30/2017,154.92
5/31/2017,155.8
6/1/2017,158.46
6/2/2017,159.31
6/5/2017,158.53
6/6/2017,158.27
6/7/2017,158.66
6/8/2017,158.46
6/9/2017,157.51
6/12/2017,157.64
6/13/2017,159.15
6/14/2017,158.28
6/15/2017,157.38
6/16/2017,154.85
6/19/2017,155.85
6/20/2017,154.13
6/21/2017,154.58
6/22/2017,155.11
6/23/2017,155.89
6/26/2017,155.96
6/27/2017,154.03
6/28/2017,156.82
6/29/2017,155.52
6/30/2017,157.08
7/3/2017,158.02
7/5/2017,157.23
7/6/2017,154.98
7/7/2017,157.16
7/10/2017,158.36
7/11/2017,159.73
7/12/2017,160.92
7/13/2017,161.3
7/14/2017,161.85
7/17/2017,161.45
7/18/2017,161.48
7/19/2017,163.18
7/20/2017,163.03
7/21/2017,160.63
7/24/2017,160.2
7/25/2017,161.22
7/26/2017,161.73
7/27/2017,159.18
7/28/2017,158.78
7/31/2017,158.07
8/1/2017,157.65
8/2/2017,156.73
8/3/2017,156.81
8/4/2017,158.27
8/7/2017,158.49
8/8/2017,158.98
8/9/2017,157.56
8/10/2017,154.53
8/11/2017,154.93
8/14/2017,156.97
8/15/2017,156.19
8/16/2017,156.99
8/17/2017,153.96
8/18/2017,153.81
8/21/2017,153.82
8/22/2017,156.09
8/23/2017,156.84
8/24/2017,156.99
8/25/2017,157.08
8/28/2017,156.95
8/29/2017,156.69
8/30/2017,160.16
8/31/2017,163.28
9/1/2017,165.27
9/5/2017,163.89
9/6/2017,164.61
9/7/2017,164.64
9/8/2017,164.62
9/11/2017,167.33
9/12/2017,169.24
9/13/2017,171.74
9/14/2017,172.72
9/15/2017,174.38
9/18/2017,175.7
9/19/2017,176.18
9/20/2017,177.21
9/21/2017,176.78
9/22/2017,177.86
9/25/2017,178.88
9/26/2017,179.66
9/27/2017,180.1
9/28/2017,179.02
9/29/2017,180.33
10/2/2017,182.29
10/3/2017,183.48
10/4/2017,183.97
10/5/2017,184.01
10/6/2017,184.33
10/9/2017,184.08
10/10/2017,185.55
10/11/2017,184.61
10/12/2017,184.09
10/13/2017,184.31
10/16/2017,184.95
10/17/2017,184.02
10/18/2017,184.81
10/19/2017,183.3
10/20/2017,184.26
10/23/2017,183.11
10/24/2017,185.33
10/25/2017,181.93
10/26/2017,183.94
10/27/2017,183.36
10/30/2017,182.66
10/31/2017,184.48
11/1/2017,184.78
11/2/2017,184.99
11/3/2017,186.94
11/6/2017,186.6
11/7/2017,184.45
11/8/2017,183.75
11/9/2017,181.12
11/10/2017,181.36
11/13/2017,181.46
11/14/2017,180.96
11/15/2017,179.16
11/16/2017,181.7
11/17/2017,181.84
11/20/2017,183.64
11/21/2017,185.41
11/22/2017,184.5
11/24/2017,185.37
11/27/2017,183.97
11/28/2017,187
11/29/2017,184.34
11/30/2017,184.43
12/1/2017,183.56
12/4/2017,182.05
12/5/2017,181.15
12/6/2017,182.78
12/7/2017,184.47
12/8/2017,185.33
12/11/2017,184.9
12/12/2017,185.23
12/13/2017,185.16
12/14/2017,183.76
12/15/2017,185.28
12/18/2017,188.46
12/19/2017,188.27
12/20/2017,189.15
12/21/2017,188.88
12/22/2017,187.21
12/26/2017,186.05
12/27/2017,186.14
12/28/2017,186.78
12/29/2017,184.95
1/2/2018,188.22
1/3/2018,188.87
1/4/2018,191.19
1/5/2018,192.36
1/8/2018,193.9
1/9/2018,193.71
1/10/2018,191.81
1/11/2018,194.86
1/12/2018,196.52
1/16/2018,194.16
1/17/2018,197.36
1/18/2018,195.31
1/19/2018,196.57
1/22/2018,195.02
1/23/2018,195.28
1/24/2018,193.56
1/25/2018,191.03
1/26/2018,193.26
1/29/2018,194.1
1/30/2018,191.93
1/31/2018,190.5
2/1/2018,190.06
2/2/2018,184.83
2/5/2018,177.72
2/6/2018,181.93
2/7/2018,182.48
2/8/2018,174.08
2/9/2018,175.26
2/12/2018,178.43
2/13/2018,177.19
2/14/2018,181.57
2/15/2018,182.6
2/16/2018,182.17
2/20/2018,181.16
2/21/2018,181.94
2/22/2018,181.42
2/23/2018,182.89
2/26/2018,184.7
2/27/2018,181
2/28/2018,176.9
3/1/2018,171.58
3/2/2018,172.34
3/5/2018,172.62
3/6/2018,174.05
3/7/2018,172.05
3/8/2018,173.18
3/9/2018,175.63
3/12/2018,177.02
3/13/2018,176.25
3/14/2018,174.27
3/15/2018,174.57
3/16/2018,174.55
3/19/2018,172.14
3/20/2018,172.7
3/21/2018,174.87
3/22/2018,170.13
3/23/2018,166.71
3/26/2018,171.18
3/27/2018,167.65
3/28/2018,165.77
3/29/2018,168.61
4/2/2018,164.13
4/3/2018,168.66
4/4/2018,171.34
4/5/2018,173.24
4/6/2018,169.9
4/9/2018,170.31
4/10/2018,174.16
4/11/2018,175.71
4/12/2018,176.62
4/13/2018,176.33
4/16/2018,177.76
4/17/2018,179.15
4/18/2018,179.18
4/19/2018,176.89
4/20/2018,175.84
4/23/2018,174.7
4/24/2018,172.91
4/25/2018,173.3
4/26/2018,173.48
4/27/2018,171.84
4/30/2018,169.75
5/1/2018,170.69
5/2/2018,170.45
5/3/2018,169.01
5/4/2018,171.68
5/7/2018,172.45
5/8/2018,173.15
5/9/2018,174.1
5/10/2018,176.72
5/11/2018,176.17
5/14/2018,175.72
5/15/2018,173.35
5/16/2018,174.83
5/17/2018,175.71
5/18/2018,174.67
5/21/2018,176.41
5/22/2018,174.98
5/23/2018,173.57
5/24/2018,172.35
5/25/2018,170.66
5/29/2018,168.27
5/30/2018,169.83
5/31/2018,169.05
6/1/2018,170.45
6/4/2018,171.87
6/5/2018,171.88
6/6/2018,174.38
6/7/2018,174.6
6/8/2018,174.89
6/11/2018,176.11
6/12/2018,175.77
6/13/2018,175.84
6/14/2018,175.48
6/15/2018,174.24
6/18/2018,175.77
6/19/2018,173.32
6/20/2018,174.74
6/21/2018,171.3
6/22/2018,170.53
6/25/2018,165.94
6/26/2018,168.79
6/27/2018,166.65
6/28/2018,167.04
6/29/2018,167.52
7/2/2018,168.05
7/3/2018,165.99
7/5/2018,168.97
7/6/2018,169.55
7/9/2018,172.3
7/10/2018,172.56
7/11/2018,168.65
7/12/2018,169.99
7/13/2018,170.22
7/16/2018,169.17
7/17/2018,171.7
7/18/2018,172.4
7/19/2018,171.6
7/20/2018,170.2
7/23/2018,169.6
7/24/2018,169.23
7/25/2018,169.48
7/26/2018,169.83
7/27/2018,170.02
7/30/2018,169.91
7/31/2018,171.33
8/1/2018,170.85
8/2/2018,173.17
8/3/2018,173.46
8/6/2018,173.66
8/7/2018,175.46
8/8/2018,175.54
8/9/2018,172.96
8/10/2018,170.88
8/13/2018,169.65
8/14/2018,170.4
8/15/2018,167.89
8/16/2018,170.02
8/17/2018,170.96
8/20/2018,172.83
8/21/2018,174.46
8/22/2018,173.07
8/23/2018,172.12
8/24/2018,173.39
8/27/2018,175.96
8/28/2018,175.25
8/29/2018,176.23
8/30/2018,173.9
8/31/2018,173.78
9/4/2018,172.95
9/5/2018,171.74
9/6/2018,173.26
9/7/2018,171.84
9/10/2018,174
9/11/2018,172.58
9/12/2018,173.66
9/13/2018,174.45
9/14/2018,177.89
9/17/2018,176.54
9/18/2018,177.28
9/19/2018,179.09
9/20/2018,181.76
9/21/2018,180.4
9/24/2018,178.13
9/25/2018,176.95
9/26/2018,176.07
9/27/2018,175.24
9/28/2018,173.48
10/1/2018,174.76
10/2/2018,174.08
10/3/2018,174.24
10/4/2018,170.88
10/5/2018,166.94
10/8/2018,167.71
10/9/2018,163.97
10/10/2018,156.95
10/11/2018,155.41
10/12/2018,155.91
10/15/2018,156.81
10/16/2018,161.14
10/17/2018,159.13
10/18/2018,155.53
10/19/2018,154.87
10/22/2018,155.09
10/23/2018,156.14
10/24/2018,149.47
10/25/2018,153.23
10/26/2018,153.92
10/29/2018,153.44
10/30/2018,155.38
10/31/2018,157.8
11/1/2018,160.54
11/2/2018,156.39
11/5/2018,156.74
11/6/2018,158.63
11/7/2018,160.89
11/8/2018,160.04
11/9/2018,156.92
11/12/2018,153.56
11/13/2018,154.05
11/14/2018,154.22
11/15/2018,156.52
11/16/2018,156.32
11/19/2018,154.82
11/20/2018,151.41
11/21/2018,154.03
11/23/2018,153.08
11/26/2018,156.09
11/27/2018,154.04
11/28/2018,157.36
11/29/2018,155.82
11/30/2018,154.79
12/3/2018,156.95
12/4/2018,151.49
12/6/2018,148.98
12/7/2018,144.67
12/10/2018,143.35
12/11/2018,143.4
12/12/2018,145.48
12/13/2018,144.85
12/14/2018,142.7
12/17/2018,139.97
12/18/2018,139.36
12/19/2018,137.08
12/20/2018,134.41
12/21/2018,131.94
12/24/2018,128.8
12/26/2018,134.93
12/27/2018,135.57
12/28/2018,136.4
12/31/2018,136.35
1/2/2019,137.54
1/3/2019,133.82
1/4/2019,140.03
1/7/2019,143.82
1/8/2019,146.82
1/9/2019,149.55
1/10/2019,150.53
1/11/2019,150.79
1/14/2019,150.56
1/15/2019,150.94
1/16/2019,151.06
1/17/2019,152.4
1/18/2019,153.1
1/22/2019,150.11
1/23/2019,148.66
1/24/2019,151.06
1/25/2019,154.67
1/28/2019,154.01
1/29/2019,153.78
1/30/2019,155.56
1/31/2019,157.34
2/1/2019,157.63
2/4/2019,157.91
2/5/2019,158.01
2/6/2019,158.18
2/7/2019,152.52
2/8/2019,150.91
2/11/2019,151.98
2/12/2019,154.77
2/13/2019,155.44
2/14/2019,157.12
2/15/2019,160.28
2/19/2019,160.76
2/20/2019,162.13
2/21/2019,162.34
2/22/2019,164.08
2/25/2019,163.83
2/26/2019,163.73
2/27/2019,162.99
2/28/2019,161.48
3/1/2019,161.67
3/4/2019,160.45
3/5/2019,159.61
3/6/2019,157.81
3/7/2019,155.48
3/8/2019,154.2
3/11/2019,157.91
3/12/2019,158.07
3/13/2019,159.15
3/14/2019,157.43
3/15/2019,156.17
3/18/2019,158.3
3/19/2019,158.77
3/20/2019,157.62
3/21/2019,158.33
3/22/2019,152.79
3/25/2019,152.5
3/26/2019,153.82
3/27/2019,153.59
3/28/2019,154.83
3/29/2019,155.72
4/1/2019,160.27
4/2/2019,161.09
4/3/2019,163.14
4/4/2019,165.33
4/5/2019,166.23
4/8/2019,167.84
4/9/2019,165.29
4/10/2019,167.92
4/11/2019,167.34
4/12/2019,169.32
4/15/2019,168.79
4/16/2019,170.65
4/17/2019,171.51
4/18/2019,172.24
4/22/2019,169.6
4/23/2019,170.09
4/24/2019,169.1
4/25/2019,164.72
4/26/2019,165.65
4/29/2019,165.75
4/30/2019,164.71
5/1/2019,164.55
5/2/2019,164.45
5/3/2019,166.99
5/6/2019,164.19
5/7/2019,162.65
5/8/2019,160.78
5/9/2019,158.8
5/10/2019,159.21
5/13/2019,153.35
5/14/2019,156.29
5/15/2019,157.54
5/16/2019,157.41
5/17/2019,153.68
5/20/2019,152.27
5/21/2019,153.71
5/22/2019,150.33
5/23/2019,148.05
5/24/2019,148.93
5/28/2019,150.37
5/29/2019,148.13
5/30/2019,147.32
5/31/2019,142.45
6/3/2019,144.02
6/4/2019,148.83
6/5/2019,148.41
6/6/2019,148.07
6/7/2019,149.94
6/10/2019,151.93
6/11/2019,152.95
6/12/2019,150.57
6/13/2019,152.23
6/14/2019,149.71
6/17/2019,149.32
6/18/2019,151.94
6/19/2019,153.3
6/20/2019,155.16
6/21/2019,154.8
6/24/2019,152.93
6/25/2019,151.94
6/26/2019,153.88
6/27/2019,157.07
6/28/2019,158.19
7/1/2019,158.9
7/2/2019,157.7
7/3/2019,158.44
7/5/2019,158.16
7/8/2019,156.86
7/9/2019,156.16
7/10/2019,157
7/11/2019,154.34
7/12/2019,157.29
7/15/2019,157.7
7/16/2019,157.44
7/17/2019,156.12
7/18/2019,155.53
7/19/2019,156.44
7/22/2019,156.12
7/23/2019,159.53
7/24/2019,162.8
7/25/2019,158.2
7/26/2019,158.51
7/29/2019,157.83
7/30/2019,156.01
7/31/2019,154.93
8/1/2019,149.13
8/2/2019,146.81
8/5/2019,142.18
8/6/2019,143.37
8/7/2019,144.61
8/8/2019,146.01
8/9/2019,143.3
8/12/2019,141.46
8/13/2019,144.2
8/14/2019,138.04
8/15/2019,136.42
8/16/2019,139.94
8/19/2019,141.22
8/20/2019,140.3
8/21/2019,141.13
8/22/2019,139.86
8/23/2019,135.36
8/26/2019,136.24
8/27/2019,135.52
8/28/2019,136.59
8/29/2019,138.73
8/30/2019,139.21
9/3/2019,136.31
9/4/2019,139.34
9/5/2019,144.04
9/6/2019,145.19
9/9/2019,148.83
9/10/2019,152.08
9/11/2019,154.27
9/12/2019,153.47
9/13/2019,156
9/16/2019,155.32
9/17/2019,154.54
9/18/2019,152.97
9/19/2019,153.06
9/20/2019,151.58
9/23/2019,150.75
9/24/2019,146.67
9/25/2019,147.8
9/26/2019,146.48
9/27/2019,145.04
9/30/2019,145.35
10/1/2019,141.64
10/2/2019,138.86
10/3/2019,138.75
10/4/2019,140.13
10/7/2019,140.07
10/8/2019,138.13
10/9/2019,139.69
10/10/2019,141.4
10/11/2019,145.9
10/14/2019,146.44
10/15/2019,147.98
10/16/2019,148.39
10/17/2019,150.17
10/18/2019,150.48
10/21/2019,151.78
10/22/2019,152.65
10/23/2019,153.15
10/24/2019,154.56
10/25/2019,157.03
10/28/2019,158.34
10/29/2019,157.65
10/30/2019,154.61
10/31/2019,152.4
11/1/2019,156.42
11/4/2019,160.18
11/5/2019,160.82
11/6/2019,158.95
11/7/2019,160.48
11/8/2019,159.6
11/11/2019,160.95
11/12/2019,161.18
11/13/2019,159.07
11/14/2019,158.91
11/15/2019,160.33
11/18/2019,159.59
11/19/2019,158.85
11/20/2019,156.36
11/21/2019,156.55
11/22/2019,157.87
11/25/2019,161.22
11/26/2019,162.9
11/27/2019,164.65
11/29/2019,162.09
12/2/2019,163.25
12/3/2019,159.83
12/4/2019,161.15
12/5/2019,160.88
12/6/2019,162.67
12/9/2019,160.32
12/10/2019,160.28
12/11/2019,162.09
12/12/2019,165.74
12/13/2019,164.68
12/16/2019,167.6
12/17/2019,168.81
12/18/2019,169.95
12/19/2019,169.39
12/20/2019,169.38
12/23/2019,170.54
12/24/2019,169.93
12/26/2019,170.25
12/27/2019,168.06
12/30/2019,171.61
12/31/2019,173.32
1/2/2020,176
1/3/2020,173.56
1/6/2020,174.78
1/7/2020,173.95
1/8/2020,175.52
1/9/2020,175.92
1/10/2020,175.68
1/13/2020,180.16
1/14/2020,181.65
1/15/2020,183
1/16/2020,184.78
1/17/2020,186.1
1/21/2020,186.08
1/22/2020,182.01
1/23/2020,181.25
1/24/2020,178.77
1/27/2020,172.32
1/28/2020,177.59
1/29/2020,176.75
1/30/2020,176.17
1/31/2020,172.81
2/3/2020,178.21
2/4/2020,184.99
2/5/2020,184.45
2/6/2020,182.78
2/7/2020,179.37
2/10/2020,181.54
2/11/2020,184.46
2/12/2020,187.49
2/13/2020,187.98
2/14/2020,184.11
2/18/2020,186.89
2/19/2020,194.71
2/20/2020,194.82
2/21/2020,192.86
2/24/2020,181.74
2/25/2020,178.77
2/26/2020,176.93
2/27/2020,164.97
2/28/2020,165.56
3/2/2020,169.56
3/3/2020,167.38
3/4/2020,171.46
3/5/2020,164.56
3/6/2020,158.28
3/9/2020,141.78
3/10/2020,150.58
3/11/2020,141.69
3/12/2020,125.15
3/13/2020,131.54
3/16/2020,115.59
3/17/2020,118.96
3/18/2020,106.06
3/19/2020,109.41
3/20/2020,108.56
3/23/2020,107.71
3/24/2020,119.94
3/25/2020,125.24
3/26/2020,128.63
3/27/2020,122.63
3/30/2020,121.52
3/31/2020,120.53
4/1/2020,112.62
4/2/2020,112.44
4/3/2020,110.38
4/6/2020,120.13
4/7/2020,122.92
4/8/2020,128.78
4/9/2020,132.77
4/13/2020,135.21
4/14/2020,140
4/15/2020,136.15
4/16/2020,136.82
4/17/2020,141.27
4/20/2020,138.03
4/21/2020,133.68
4/22/2020,137.05
4/23/2020,137.76
4/24/2020,139.62
4/27/2020,146.1
4/28/2020,148.9
4/29/2020,156.67
4/30/2020,151.04
5/1/2020,143.3
5/4/2020,145.6
5/5/2020,146.36
5/6/2020,148.8
5/7/2020,148.81
5/8/2020,156.66
5/11/2020,153.46
5/12/2020,149.3
5/13/2020,142.74
5/14/2020,144.71
5/15/2020,144.95
5/18/2020,154.69
5/19/2020,152.52
5/20/2020,155.39
5/21/2020,154.55
5/22/2020,154.25
5/26/2020,163.54
5/27/2020,169
5/28/2020,164.71
5/29/2020,163.75
6/1/2020,169.5
6/2/2020,172.71
6/3/2020,180.37
6/4/2020,183.92
6/5/2020,190.17
6/8/2020,195.81
6/9/2020,193.31
6/10/2020,189.75
6/11/2020,171.33
6/12/2020,178.72
6/15/2020,181.88
6/16/2020,184.61
6/17/2020,179.54
6/18/2020,180.78
6/19/2020,182.78
6/22/2020,186.32
6/23/2020,191.08
6/24/2020,188.27
6/25/2020,190.63
6/26/2020,189
6/29/2020,209.12
6/30/2020,217.49
7/1/2020,219.37
7/2/2020,229.63
7/6/2020,233.91
7/7/2020,230.26
7/8/2020,229.59
7/9/2020,227.53
7/10/2020,231.73
7/13/2020,227.31
7/14/2020,235.91
7/15/2020,240.75
7/16/2020,237.18
7/17/2020,231.62
7/20/2020,237.44
7/21/2020,238.28
7/22/2020,238.93
7/23/2020,235.56
7/24/2020,230.92
7/27/2020,234.58
7/28/2020,234.2
7/29/2020,240.09
7/30/2020,233.14
7/31/2020,226.22
8/3/2020,243.07
8/4/2020,240.79
8/5/2020,246.37
8/6/2020,247.04
8/7/2020,247.44
8/10/2020,252.37
8/11/2020,251.48
8/12/2020,254.22
8/13/2020,254.12
8/14/2020,254.15
8/17/2020,260.03
8/18/2020,261.28
8/19/2020,260.05
8/20/2020,258.52
8/21/2020,257.32
8/24/2020,262.59
8/25/2020,271.48
8/26/2020,272.91
8/27/2020,269.89
8/28/2020,269.26
8/31/2020,273.35
9/1/2020,282.67
9/2/2020,279.76
9/3/2020,265.94
9/4/2020,270.06
9/8/2020,265.47
9/9/2020,276.4
9/10/2020,269.41
9/11/2020,272.89
9/14/2020,285.51
9/15/2020,287.3
9/16/2020,287.29
9/17/2020,287.27
9/18/2020,292.3
9/21/2020,284.09
9/22/2020,275.36
9/23/2020,257.46
9/24/2020,254.52
9/25/2020,263.19
9/28/2020,280.65
9/29/2020,282.29
9/30/2020,280.31
10/1/2020,286.07
10/2/2020,282.05
10/5/2020,293.76
10/6/2020,290.78
10/7/2020,303.32
10/8/2020,301.48
10/9/2020,310.25
10/12/2020,309.1
10/13/2020,300.02
10/14/2020,307.88
10/15/2020,309.23
10/16/2020,309.52
10/19/2020,305.22
10/20/2020,302.69
10/21/2020,296.14
10/22/2020,301.05
10/23/2020,301.34
10/26/2020,290.2
10/27/2020,288.78
10/28/2020,280.32
10/29/2020,291.42
10/30/2020,280.86
11/2/2020,293.72
11/3/2020,307.48
11/4/2020,305.16
11/5/2020,327.72
11/6/2020,326.39
11/9/2020,342.22
11/10/2020,338.97
11/11/2020,347.37
11/12/2020,355.99
11/13/2020,350.62
11/16/2020,362.37
11/17/2020,368.81
11/18/2020,375.25
11/19/2020,387.56
11/20/2020,393.15
11/23/2020,431.03
11/24/2020,433.6
11/25/2020,422.53
11/27/2020,423.79
11/30/2020,400.45
12/1/2020,393.48
12/2/2020,391.62
12/3/2020,392.9
12/4/2020,403.61
12/7/2020,407.79
12/8/2020,417.2
12/9/2020,410.87
12/10/2020,411.31
12/11/2020,405.35
12/14/2020,401.11
12/15/2020,416.62
12/16/2020,421.2
12/17/2020,430.02
12/18/2020,432.3
12/21/2020,430.91
12/22/2020,451.77
12/23/2020,447.01
12/24/2020,452.49
12/28/2020,447.57
12/29/2020,434.99
12/30/2020,449.5
12/31/2020,444.04
1/4/2021,435.99
1/5/2021,447.17
1/6/2021,461.41
1/7/2021,491.79
1/8/2021,495.54
1/11/2021,506.73
1/12/2021,527.68
1/13/2021,524.9
1/14/2021,526.83
1/15/2021,499.89
1/19/2021,515.86
1/20/2021,514.48
1/21/2021,522.53
1/22/2021,523.63
1/25/2021,520.54
1/26/2021,553.62
1/27/2021,533.72
1/28/2021,528.17
1/29/2021,512.8
2/1/2021,524.47
2/2/2021,528.28
2/3/2021,543.78
2/4/2021,548.62
2/5/2021,552.82
2/8/2021,565.99
2/9/2021,577.33
2/10/2021,557.75
2/11/2021,553.16
2/12/2021,549.15
2/16/2021,538.69
2/17/2021,531.07
2/18/2021,509.15
2/19/2021,525.17
2/22/2021,507.57
2/23/2021,487.21
2/24/2021,504.79
2/25/2021,479.93
2/26/2021,480.71
3/1/2021,503.02
3/2/2021,490.82
3/3/2021,478.51
3/4/2021,455.39
3/5/2021,459.45
3/8/2021,458.48
3/9/2021,482.25
3/10/2021,489.19
3/11/2021,512.48
3/12/2021,513.8
3/15/2021,516.71
3/16/2021,499.14
3/17/2021,506.23
3/18/2021,486.93
3/19/2021,494.06
3/22/2021,491.69
3/23/2021,468.69
3/24/2021,450.81
3/25/2021,458.13
3/26/2021,466.42
3/29/2021,453.98
3/30/2021,470.46
3/31/2021,481.29
4/1/2021,483.67
4/5/2021,483.79
4/6/2021,488.18
4/7/2021,474.39
4/8/2021,483.67
4/9/2021,483.09
4/12/2021,473.38
4/13/2021,472.21
4/14/2021,470.69
4/15/2021,464.1
4/16/2021,470.46
4/19/2021,459.43
4/20/2021,450.15
4/21/2021,464.66
4/22/2021,462
4/23/2021,476.77
4/26/2021,480.24
4/27/2021,478.28
4/28/2021,482.15
4/29/2021,470.95
4/30/2021,462.15
5/3/2021,460.19
5/4/2021,447.37
5/5/2021,450.01
5/6/2021,449.52
5/7/2021,457.98
5/10/2021,443.34
5/11/2021,445.18
5/12/2021,430.08
5/13/2021,431.09
5/14/2021,447.11
5/17/2021,450.1
5/18/2021,456.72
5/19/2021,455.87
5/20/2021,456.88
5/21/2021,462.86
5/24/2021,462.28
5/25/2021,455.51
5/26/2021,474.68
5/27/2021,490.44
5/28/2021,486.15
6/1/2021,499.11
6/2/2021,511.7
6/3/2021,520.7
6/4/2021,521.76
6/7/2021,532.95
6/8/2021,541.79
6/9/2021,534.04
6/10/2021,520.79
6/11/2021,532.35
6/14/2021,524.2
6/15/2021,515.95
6/16/2021,520.93
6/17/2021,520.56
6/18/2021,512.99
6/21/2021,510.29
6/22/2021,511.88
6/23/2021,525.59
6/24/2021,526
6/25/2021,528
6/28/2021,537.1
6/29/2021,533.7
6/30/2021,535.29
7/1/2021,531.35
7/2/2021,520.2
7/6/2021,514.94
7/7/2021,498.2
7/8/2021,494.02
7/9/2021,502.67
7/12/2021,504.8
7/13/2021,493.12
7/14/2021,480.01
7/15/2021,482.22
7/16/2021,471.93
7/19/2021,466.76
7/20/2021,481.84
7/21/2021,497.65
7/22/2021,485.66
7/23/2021,478.77
7/26/2021,482.9
7/27/2021,467.18
7/28/2021,483.15
7/29/2021,486.44
7/30/2021,488.15
8/2/2021,487.01
8/3/2021,484.67
8/4/2021,476.16
8/5/2021,477.52
8/6/2021,473.86
8/9/2021,480.02
8/10/2021,485.38
8/11/2021,482.93
8/12/2021,476.3
8/13/2021,464.34
8/16/2021,455
8/17/2021,448.61
8/18/2021,448.97
8/19/2021,433.89
8/20/2021,438.31
8/23/2021,450.53
8/24/2021,460.69
8/25/2021,459.07
8/26/2021,455.29
8/27/2021,464.14
8/30/2021,461.32
8/31/2021,464.54
9/1/2021,464.2
9/2/2021,467.81
9/3/2021,460.97
9/7/2021,461.15
9/8/2021,449.25
9/9/2021,449.52
9/10/2021,443.53
9/13/2021,449.5
9/14/2021,444.47
9/15/2021,449.94
9/16/2021,445.81
9/17/2021,451.37
9/20/2021,431.62
9/21/2021,434.81
9/22/2021,442.06
9/23/2021,453.11
9/24/2021,450.64
9/27/2021,464.65
9/28/2021,449.24
9/29/2021,443.83
9/30/2021,444.3
10/1/2021,444.99
10/4/2021,435.03
10/5/2021,438.74
10/6/2021,431.74
10/7/2021,444.96
10/8/2021,446.35
10/11/2021,446.11
10/12/2021,457.16
10/13/2021,464.66
10/14/2021,466.54
10/15/2021,468.84
10/18/2021,467.91
10/19/2021,470.52
10/20/2021,470.68
10/21/2021,470.62
10/22/2021,461.6
10/25/2021,476.36
10/26/2021,467.03
10/27/2021,462.7
10/28/2021,478.65
10/29/2021,483.37
11/1/2021,501.37
11/2/2021,499.33
11/3/2021,501.72
11/4/2021,504.83
11/5/2021,503.06
11/8/2021,522.72
11/9/2021,505.9
11/10/2021,494.96
11/11/2021,512.7
11/12/2021,516.95
11/15/2021,516.68
11/16/2021,519.8
11/17/2021,512.09
11/18/2021,496.09
11/19/2021,498.47
11/22/2021,496.38
11/23/2021,490.25
11/24/2021,493.19
11/26/2021,475.86
11/29/2021,475.71
11/30/2021,468.27
12/1/2021,453.28
12/2/2021,457
12/3/2021,438.17
12/6/2021,444.38
12/7/2021,458.15
12/8/2021,466.47
12/9/2021,452.21
12/10/2021,452.57
12/13/2021,445.34
12/14/2021,439.39
12/15/2021,444.48
12/16/2021,434.03
12/17/2021,431.58
12/20/2021,414.32
12/21/2021,427.76
12/22/2021,430.79
12/23/2021,439.6
12/27/2021,439.85
12/28/2021,435.67
12/29/2021,425.91
12/30/2021,435.14
12/31/2021,433.78
1/3/2022,444.99
1/4/2022,448.93
1/5/2022,436.45
1/6/2022,436.6
1/7/2022,433.12
1/10/2022,426.09
1/11/2022,435
1/12/2022,434.74
1/13/2022,432.44
1/14/2022,432.37
1/18/2022,419.75
1/19/2022,404.28
1/20/2022,392.2
1/21/2022,379.1
1/24/2022,379.26
1/25/2022,372.7
1/26/2022,370.4
1/27/2022,354.78
1/28/2022,357.3
1/31/2022,378.65
2/1/2022,387.06
2/2/2022,376.78
2/3/2022,368.92
2/4/2022,371.45
2/7/2022,368.72
2/8/2022,376.35
2/9/2022,390.63
2/10/2022,383.04
2/11/2022,371.83
2/14/2022,370.93
2/15/2022,391.53
2/16/2022,393.55
2/17/2022,385.76
2/18/2022,379.87
2/22/2022,371.14
2/23/2022,363.55
2/24/2022,371.77
2/25/2022,379.63
2/28/2022,382.46
3/1/2022,370.85
3/2/2022,377.49
3/3/2022,365.86
3/4/2022,348.3
3/7/2022,339.15
3/8/2022,350.76
3/9/2022,363.93
3/10/2022,358.79
3/11/2022,346.97
3/14/2022,330.23
3/15/2022,339.24
3/16/2022,362.48
3/17/2022,368.54
3/18/2022,374.54
3/21/2022,372.06
3/22/2022,379.46
3/23/2022,374.48
3/24/2022,378.59
3/25/2022,374.35
3/28/2022,374.11
3/29/2022,388.32
3/30/2022,382.65
3/31/2022,375.96
4/1/2022,374.26
4/4/2022,385.36
4/5/2022,369.7
4/6/2022,358.39
4/7/2022,351.71
4/8/2022,346.15
4/11/2022,343.31
4/12/2022,340.86
4/13/2022,346.09
4/14/2022,341.71
4/18/2022,339.99
4/19/2022,347.5
4/20/2022,343.17
4/21/2022,334.75
4/22/2022,327.73
4/25/2022,330.84
4/26/2022,317.11
4/27/2022,316.5
4/28/2022,323.3
4/29/2022,316.91
5/2/2022,321.89
5/3/2022,325.28
5/4/2022,335.53
5/5/2022,320.11
5/6/2022,313.36
5/9/2022,296.48
5/10/2022,293.94
5/11/2022,282.92
5/12/2022,288.66
5/13/2022,304.18
5/16/2022,297.39
5/17/2022,315.21
5/18/2022,306.42
5/19/2022,311.12
5/20/2022,305.72
5/23/2022,306.91
5/24/2022,293.76
5/25/2022,300.64
5/26/2022,315.17
5/27/2022,326.84
5/31/2022,329.63
6/1/2022,324.04
6/2/2022,338.08
6/3/2022,326.74
6/6/2022,332.32
6/7/2022,332.62
6/8/2022,333.55
6/9/2022,322.34
6/10/2022,310.82
6/13/2022,290.65
6/14/2022,293.97
6/15/2022,304.98
6/16/2022,284.76
6/17/2022,294.06
6/21/2022,303.92
6/22/2022,302.94
6/23/2022,310.47
6/24/2022,314.23
6/27/2022,308.98
6/28/2022,299.7
6/29/2022,289.95
6/30/2022,287.99
7/1/2022,290.37
7/5/2022,300.63
7/6/2022,295.44
7/7/2022,313.95
7/8/2022,315.12
7/11/2022,301.54
7/12/2022,306.3
7/13/2022,306.53
7/14/2022,308.11
7/15/2022,312.19
7/18/2022,312.25
7/19/2022,317.87
7/20/2022,321.99
7/21/2022,322.43
7/22/2022,308.57
7/25/2022,306.39
7/26/2022,298.58
7/27/2022,310.15
7/28/2022,321.84
7/29/2022,326.88
8/1/2022,328.74
8/2/2022,337.42
8/3/2022,344.3
8/4/2022,346.12
8/5/2022,340.42
8/8/2022,344.53
8/9/2022,329.83
8/10/2022,343.29
8/11/2022,343.26
8/12/2022,353.17
8/15/2022,353.4
8/16/2022,350.57
8/17/2022,339.9
8/18/2022,339.37
8/19/2022,326.48
8/22/2022,313.74
8/23/2022,314.63
8/24/2022,320.47
8/25/2022,329.77
8/26/2022,317.22
8/29/2022,314.27
8/30/2022,308.66
8/31/2022,308.36
9/1/2022,302.23
9/2/2022,296.67
9/6/2022,293.05
9/7/2022,300.42
9/8/2022,301.62
9/9/2022,308.59
9/12/2022,314.36
9/13/2022,302.85
9/14/2022,305.9
9/15/2022,304.51
9/16/2022,297.29
9/19/2022,299
9/20/2022,288.85
9/21/2022,282.62
9/22/2022,274.73
9/23/2022,266.13
9/26/2022,265.58
9/27/2022,266.41
9/28/2022,272.89
9/29/2022,258.27
9/30/2022,255.18
10/3/2022,260.73
10/4/2022,275.29
10/5/2022,268.75
10/6/2022,264.28
10/7/2022,252.96
10/10/2022,247.42
10/11/2022,247.45
10/12/2022,246.56
10/13/2022,251.44
10/14/2022,241.45
10/17/2022,249.54
10/18/2022,253.14
10/19/2022,248.5
10/20/2022,246.04
10/21/2022,253.8
10/24/2022,251.99
10/25/2022,263.23
10/26/2022,265.88
10/27/2022,266.05
10/28/2022,269.99
10/31/2022,273.32
11/1/2022,272.9
11/2/2022,266.73
11/3/2022,269.69
11/4/2022,276.93
11/7/2022,275.78
11/8/2022,275.88
11/9/2022,264.8
11/10/2022,285.1
11/11/2022,294.64
11/14/2022,291.62
11/15/2022,293.31
11/16/2022,281.84
11/17/2022,281.06
11/18/2022,280.57
11/21/2022,272.8
11/22/2022,273.06
11/23/2022,275.37
11/25/2022,275.07
11/28/2022,266.74
11/29/2022,267.24
11/30/2022,283.32
12/1/2022,281.76
12/2/2022,286.95
12/5/2022,278.17
12/6/2022,271.8
12/7/2022,267.17
12/8/2022,270.6
12/9/2022,264.25
12/12/2022,264.92
12/13/2022,263.1
12/14/2022,261.72
12/15/2022,256.04
12/16/2022,253.6
12/19/2022,245.94
12/20/2022,244.76
12/21/2022,250.61
12/22/2022,241.56
12/23/2022,239.92
12/27/2022,233.04
12/28/2022,229.47
12/29/2022,238.01
12/30/2022,238.53
1/3/2023,236.69
1/4/2023,244.92
1/5/2023,241.74
1/6/2023,243.66
1/9/2023,248.62
1/10/2023,254.4
1/11/2023,260.79
1/12/2023,266.1
1/13/2023,266.89
1/17/2023,267.17
1/18/2023,264.11
1/19/2023,254.4
1/20/2023,261.48
1/23/2023,272.21
1/24/2023,270.18
1/25/2023,268.68
1/26/2023,270.56
1/27/2023,279.44
1/30/2023,271.77
1/31/2023,283.4
2/1/2023,289.76
2/2/2023,295.95
2/3/2023,290.06
2/6/2023,286.32
2/7/2023,285.63
2/8/2023,279.95
2/9/2023,273.24
2/10/2023,269.39
2/13/2023,272.75
2/14/2023,275.26
2/15/2023,281.84
2/16/2023,278.05
2/17/2023,276.66
2/21/2023,265.32
2/22/2023,264.23
2/23/2023,262.4
2/24/2023,255.67
2/27/2023,260.51
2/28/2023,262.54
3/1/2023,261.72
3/2/2023,262.38
3/3/2023,268.91
3/6/2023,263.97
3/7/2023,257.78
3/8/2023,257.54
3/9/2023,248.46
3/10/2023,241.19
3/13/2023,239.29
3/14/2023,241.32
3/15/2023,234.46
3/16/2023,235.73
3/17/2023,228.95
3/20/2023,230.56
3/21/2023,239.23
3/22/2023,233.74
3/23/2023,234.84
3/24/2023,231.68
3/27/2023,232.24
3/28/2023,232.72
3/29/2023,238.97
3/30/2023,240.82
3/31/2023,245.28
4/3/2023,242.2
4/4/2023,236.33
4/5/2023,228.77
4/6/2023,227.46
4/10/2023,230.23
4/11/2023,232.97
4/12/2023,228.81
4/13/2023,232.28
4/14/2023,230.79
4/17/2023,235.93
4/18/2023,235.49
4/19/2023,230.77
4/20/2023,225.74
4/21/2023,224.38
4/24/2023,223.98
4/25/2023,218.05
4/26/2023,216.61
4/27/2023,221.5
4/28/2023,223.72
5/1/2023,220.88
5/2/2023,220.13
5/3/2023,219.52
5/4/2023,218.39
5/5/2023,225.99
5/8/2023,228.04
5/9/2023,223.86
5/10/2023,226.97
5/11/2023,226.81
5/12/2023,223.08
5/15/2023,225.54
5/16/2023,220.28
5/17/2023,225.96
5/18/2023,226.2
5/19/2023,224.93
5/22/2023,230.99
5/23/2023,226.3
5/24/2023,220.88
5/25/2023,219.49
5/26/2023,222.3
5/30/2023,222.78
5/31/2023,217.56
6/1/2023,218.98
6/2/2023,226.26
6/5/2023,222.38
6/6/2023,228.11
6/7/2023,231.72
6/8/2023,230.9
6/9/2023,229.6
6/12/2023,236.43
6/13/2023,244.62
6/14/2023,243.15
6/15/2023,249.85
6/16/2023,245.81
6/20/2023,241.69
6/21/2023,240.15
6/22/2023,236.18
6/23/2023,230.37
6/26/2023,228.16
6/27/2023,234.02
6/28/2023,238.25
6/29/2023,242.28
6/30/2023,246.45
7/3/2023,252.59
7/5/2023,252.35
7/6/2023,247.23
7/7/2023,254.5
7/10/2023,260.67
7/11/2023,263.33
7/12/2023,267.16
7/13/2023,274.66
7/14/2023,268.62
7/17/2023,272.71
7/18/2023,275.7
7/19/2023,278.98
7/20/2023,273.86
7/21/2023,271.87
7/24/2023,273.78
7/25/2023,267.33
7/26/2023,273.8
7/27/2023,269.48
7/28/2023,279.46
7/31/2023,287.11
8/1/2023,290.03
8/2/2023,280.08
8/3/2023,284.1
8/4/2023,272.51
8/7/2023,271.06
8/8/2023,262.4
8/9/2023,256.37
8/10/2023,250.65
8/11/2023,246.05
8/14/2023,245.88
8/15/2023,240.89
8/16/2023,236.23
8/17/2023,234.09
8/18/2023,233.61
8/21/2023,232.63
8/22/2023,229.98
8/23/2023,232.04
8/24/2023,226.12
8/25/2023,229.88
8/28/2023,233
8/29/2023,238.89
8/30/2023,238.08
8/31/2023,236.62
9/1/2023,239.44
9/5/2023,236.85
9/6/2023,234.56
9/7/2023,230.02
9/8/2023,228.45
9/11/2023,231.93
9/12/2023,232.67
9/13/2023,230.01
9/14/2023,236.11
9/15/2023,234.99
9/18/2023,234.24
9/19/2023,232.46
9/20/2023,229.33
9/21/2023,223.44
9/22/2023,222.5
9/25/2023,223.7
9/26/2023,222.54
9/27/2023,226.62
9/28/2023,230.02
9/29/2023,230.32
10/2/2023,225.42
10/3/2023,220.86
10/4/2023,223.23
10/5/2023,218.51
10/6/2023,222.67
10/9/2023,219.93
10/10/2023,226.5
10/11/2023,225.92
10/12/2023,220.26
10/13/2023,216.24
10/16/2023,218.7
10/17/2023,218.72
10/18/2023,208.31
10/19/2023,202.78
10/20/2023,198.94
10/23/2023,196.69
10/24/2023,201.42
10/25/2023,197.9
10/26/2023,196.28
10/27/2023,191.81
10/30/2023,189.11
10/31/2023,189.26
11/1/2023,190.37
11/2/2023,197.41
11/3/2023,203.04
11/6/2023,200.16
11/7/2023,199.12
11/8/2023,196.08
11/9/2023,190.49
11/10/2023,191.61
11/13/2023,193.52
11/14/2023,203.76
11/15/2023,205.77
11/16/2023,200.24
11/17/2023,202.45
11/20/2023,203.43
11/21/2023,196.94
11/22/2023,197.11
11/24/2023,199.48
11/27/2023,197.21
11/28/2023,198.37
11/29/2023,200.43
11/30/2023,198.05
12/1/2023,203.96
12/4/2023,205
12/5/2023,201.79
12/6/2023,202.95
12/7/2023,202.49
12/8/2023,203.38
12/11/2023,204.93
12/12/2023,202.52
12/13/2023,209.5
12/14/2023,221.69
12/15/2023,219.31
12/18/2023,217.35
12/19/2023,223.5
12/20/2023,215.2
12/21/2023,221.04
12/22/2023,223.16
12/26/2023,229.27
12/27/2023,228.71
12/28/2023,228.27
12/29/2023,225.02
1/2/2024,220.98
1/3/2024,212.85
1/4/2024,211
1/5/2024,210.12
1/8/2024,212.78
1/9/2024,208.62
1/10/2024,207.71
1/11/2024,204.46
1/12/2024,200.58
1/16/2024,196.42
1/17/2024,192.54
1/18/2024,192.85
1/19/2024,194.04
1/22/2024,197.28
1/23/2024,200.06
1/24/2024,196.47
1/25/2024,196.64
1/26/2024,196.85
1/29/2024,202.86
1/30/2024,202.76
1/31/2024,199.75
2/1/2024,202.79
2/2/2024,201.06
2/5/2024,196.24
2/6/2024,201.21
2/7/2024,201.49
2/8/2024,203.78
2/9/2024,206.58
2/12/2024,210.61
2/13/2024,202.75
2/14/2024,211.55
2/15/2024,217.44
2/16/2024,215.07
2/20/2024,209.77
2/21/2024,208.87
2/22/2024,206.44
2/23/2024,205.33
2/26/2024,207.73
2/27/2024,211.1
2/28/2024,210.85
2/29/2024,214.22
3/1/2024,215.53
3/4/2024,211.28
3/5/2024,209.38
3/6/2024,212.21
3/7/2024,212.24
3/8/2024,210.42
3/11/2024,209.34
3/12/2024,209.42
3/13/2024,208.04
3/14/2024,201.77
3/15/2024,202.44
3/18/2024,202.31
